team_name,minute_regulation,goals
Algeria,7,1
Algeria,25,1
Algeria,26,1
Algeria,28,1
Algeria,31,1
Algeria,35,1
Algeria,38,1
Algeria,54,1
Algeria,59,1
Algeria,60,1
Algeria,62,1
Algeria,68,1
Algeria,120,1
Angola,60,1
Argentina,2,1
Argentina,3,3
Argentina,4,3
Argentina,5,1
Argentina,6,3
Argentina,8,2
Argentina,10,2
Argentina,12,2
Argentina,13,1
Argentina,14,2
Argentina,15,1
Argentina,16,2
Argentina,17,3
Argentina,18,2
Argentina,19,1
Argentina,20,4
Argentina,21,2
Argentina,22,1
Argentina,23,2
Argentina,24,1
Argentina,26,2
Argentina,27,1
Argentina,28,3
Argentina,31,2
Argentina,33,2
Argentina,34,2
Argentina,35,3
Argentina,36,2
Argentina,37,2
Argentina,38,2
Argentina,39,1
Argentina,41,2
Argentina,42,1
Argentina,43,1
Argentina,44,1
Argentina,45,3
Argentina,46,2
Argentina,48,2
Argentina,49,2
Argentina,50,2
Argentina,51,3
Argentina,52,2
Argentina,53,1
Argentina,54,1
Argentina,55,4
Argentina,56,3
Argentina,57,2
Argentina,60,4
Argentina,62,1
Argentina,63,2
Argentina,64,1
Argentina,65,3
Argentina,66,1
Argentina,67,3
Argentina,68,1
Argentina,69,2
Argentina,71,1
Argentina,72,1
Argentina,73,3
Argentina,75,1
Argentina,76,1
Argentina,77,3
Argentina,78,2
Argentina,79,2
Argentina,80,3
Argentina,81,3
Argentina,83,3
Argentina,84,2
Argentina,85,1
Argentina,86,1
Argentina,87,2
Argentina,88,2
Argentina,89,2
Argentina,90,3
Argentina,98,1
Argentina,105,1
Argentina,108,1
Argentina,115,1
Argentina,118,1
Australia,9,1
Australia,11,1
Australia,21,1
Australia,23,1
Australia,35,1
Australia,38,2
Australia,54,1
Australia,60,1
Australia,62,1
Australia,69,1
Australia,73,1
Australia,77,1
Australia,79,1
Australia,84,1
Australia,89,1
Australia,90,1
Austria,3,1
Austria,4,1
Austria,8,1
Austria,10,1
Austria,15,1
Austria,16,1
Austria,21,1
Austria,22,1
Austria,24,1
Austria,25,1
Austria,26,1
Austria,27,1
Austria,28,1
Austria,32,1
Austria,33,1
Austria,34,1
Austria,42,1
Austria,44,1
Austria,49,1
Austria,50,1
Austria,51,2
Austria,53,1
Austria,54,1
Austria,55,1
Austria,59,2
Austria,63,1
Austria,65,1
Austria,66,1
Austria,67,1
Austria,68,1
Austria,71,1
Austria,76,2
Austria,80,1
Austria,87,1
Austria,89,1
Austria,90,3
Austria,93,1
Austria,109,1
Belgium,4,1
Belgium,5,1
Belgium,6,1
Belgium,7,2
Belgium,8,1
Belgium,11,2
Belgium,12,1
Belgium,13,2
Belgium,15,1
Belgium,16,2
Belgium,19,1
Belgium,21,1
Belgium,24,1
Belgium,29,2
Belgium,30,1
Belgium,31,1
Belgium,35,1
Belgium,38,1
Belgium,42,1
Belgium,43,1
Belgium,44,1
Belgium,45,2
Belgium,47,3
Belgium,51,2
Belgium,53,1
Belgium,54,1
Belgium,56,1
Belgium,57,1
Belgium,59,1
Belgium,62,1
Belgium,64,1
Belgium,65,1
Belgium,67,1
Belgium,69,2
Belgium,70,1
Belgium,71,1
Belgium,73,1
Belgium,74,1
Belgium,75,2
Belgium,76,2
Belgium,77,1
Belgium,78,2
Belgium,80,1
Belgium,81,1
Belgium,82,2
Belgium,86,1
Belgium,88,1
Belgium,90,3
Belgium,93,1
Belgium,94,1
Belgium,102,1
Belgium,105,1
Belgium,110,1
Bolivia,67,1
Bosnia and Herzegovina,23,1
Bosnia and Herzegovina,59,1
Bosnia and Herzegovina,83,1
Bosnia and Herzegovina,85,1
Brazil,2,1
Brazil,3,2
Brazil,4,1
Brazil,5,2
Brazil,7,2
Brazil,9,3
Brazil,10,3
Brazil,11,3
Brazil,12,2
Brazil,13,3
Brazil,14,1
Brazil,15,6
Brazil,17,4
Brazil,18,4
Brazil,19,1
Brazil,20,1
Brazil,21,1
Brazil,22,1
Brazil,23,1
Brazil,24,1
Brazil,25,3
Brazil,26,2
Brazil,27,1
Brazil,28,1
Brazil,29,2
Brazil,30,4
Brazil,31,3
Brazil,32,5
Brazil,33,2
Brazil,34,1
Brazil,35,2
Brazil,36,3
Brazil,37,2
Brazil,38,2
Brazil,39,3
Brazil,40,2
Brazil,42,1
Brazil,43,1
Brazil,44,4
Brazil,45,7
Brazil,46,1
Brazil,47,3
Brazil,48,1
Brazil,49,4
Brazil,50,5
Brazil,51,1
Brazil,52,4
Brazil,53,3
Brazil,55,6
Brazil,56,1
Brazil,57,3
Brazil,58,2
Brazil,59,6
Brazil,60,1
Brazil,61,1
Brazil,62,6
Brazil,63,6
Brazil,64,4
Brazil,65,2
Brazil,66,6
Brazil,67,4
Brazil,68,3
Brazil,69,5
Brazil,70,1
Brazil,71,5
Brazil,72,5
Brazil,73,5
Brazil,74,2
Brazil,75,4
Brazil,76,2
Brazil,77,1
Brazil,78,3
Brazil,79,4
Brazil,80,2
Brazil,81,3
Brazil,83,4
Brazil,84,2
Brazil,85,2
Brazil,86,2
Brazil,87,5
Brazil,88,3
Brazil,89,1
Brazil,90,6
Brazil,93,1
Brazil,104,1
Brazil,105,1
Bulgaria,5,1
Bulgaria,6,1
Bulgaria,11,1
Bulgaria,12,1
Bulgaria,13,1
Bulgaria,15,1
Bulgaria,40,1
Bulgaria,44,1
Bulgaria,49,1
Bulgaria,55,1
Bulgaria,58,1
Bulgaria,61,1
Bulgaria,64,1
Bulgaria,65,1
Bulgaria,75,2
Bulgaria,78,2
Bulgaria,85,1
Bulgaria,89,1
Bulgaria,90,2
Cameroon,10,1
Cameroon,26,1
Cameroon,29,1
Cameroon,31,1
Cameroon,39,1
Cameroon,46,1
Cameroon,47,1
Cameroon,56,1
Cameroon,61,2
Cameroon,63,1
Cameroon,65,2
Cameroon,66,2
Cameroon,67,1
Cameroon,76,1
Cameroon,77,1
Cameroon,86,1
Cameroon,90,1
Cameroon,106,1
Cameroon,108,1
Canada,2,1
Canada,40,1
Chile,3,1
Chile,11,1
Chile,12,1
Chile,14,1
Chile,15,1
Chile,16,1
Chile,20,2
Chile,26,1
Chile,29,1
Chile,32,3
Chile,34,1
Chile,42,1
Chile,43,1
Chile,44,1
Chile,45,1
Chile,47,1
Chile,50,1
Chile,51,1
Chile,52,1
Chile,54,1
Chile,55,1
Chile,59,1
Chile,60,1
Chile,61,1
Chile,65,1
Chile,67,1
Chile,69,1
Chile,70,2
Chile,73,2
Chile,75,1
Chile,82,1
Chile,87,1
Chile,90,3
Colombia,5,1
Colombia,17,1
Colombia,19,1
Colombia,21,1
Colombia,28,1
Colombia,39,1
Colombia,40,1
Colombia,43,1
Colombia,44,1
Colombia,50,2
Colombia,55,1
Colombia,58,1
Colombia,64,1
Colombia,68,1
Colombia,70,2
Colombia,72,1
Colombia,74,1
Colombia,75,1
Colombia,80,1
Colombia,82,2
Colombia,85,1
Colombia,86,1
Colombia,90,6
Colombia,115,1
Costa Rica,12,1
Costa Rica,25,1
Costa Rica,39,1
Costa Rica,44,1
Costa Rica,49,1
Costa Rica,52,1
Costa Rica,54,1
Costa Rica,55,1
Costa Rica,56,2
Costa Rica,57,1
Costa Rica,58,1
Costa Rica,61,1
Costa Rica,65,1
Costa Rica,70,1
Costa Rica,73,1
Costa Rica,75,1
Costa Rica,81,1
Costa Rica,84,1
Costa Rica,86,1
Costa Rica,87,1
Costa Rica,90,1
Croatia,2,1
Croatia,4,1
Croatia,7,1
Croatia,11,1
Croatia,12,1
Croatia,14,1
Croatia,27,1
Croatia,28,1
Croatia,32,1
Croatia,36,2
Croatia,39,1
Croatia,42,1
Croatia,44,1
Croatia,45,2
Croatia,46,1
Croatia,48,1
Croatia,53,3
Croatia,55,1
Croatia,56,1
Croatia,61,1
Croatia,68,1
Croatia,69,2
Croatia,70,1
Croatia,71,1
Croatia,73,2
Croatia,76,1
Croatia,77,1
Croatia,80,2
Croatia,85,1
Croatia,87,1
Croatia,90,3
Croatia,101,1
Croatia,109,1
Croatia,117,1
Cuba,44,1
Cuba,51,1
Cuba,57,1
Cuba,69,1
Cuba,103,1
Czech Republic,5,1
Czech Republic,36,1
Czech Republic,76,1
Czechoslovakia,1,1
Czechoslovakia,5,1
Czechoslovakia,8,1
Czechoslovakia,11,1
Czechoslovakia,12,1
Czechoslovakia,13,1
Czechoslovakia,15,1
Czechoslovakia,17,1
Czechoslovakia,18,1
Czechoslovakia,21,2
Czechoslovakia,24,2
Czechoslovakia,25,1
Czechoslovakia,26,1
Czechoslovakia,31,1
Czechoslovakia,40,2
Czechoslovakia,42,1
Czechoslovakia,48,1
Czechoslovakia,49,1
Czechoslovakia,50,2
Czechoslovakia,63,1
Czechoslovakia,65,1
Czechoslovakia,67,1
Czechoslovakia,69,2
Czechoslovakia,71,1
Czechoslovakia,76,1
Czechoslovakia,78,1
Czechoslovakia,80,3
Czechoslovakia,82,3
Czechoslovakia,84,2
Czechoslovakia,89,1
Czechoslovakia,90,1
Czechoslovakia,93,1
Czechoslovakia,111,1
Czechoslovakia,118,1
Denmark,1,1
Denmark,2,1
Denmark,3,1
Denmark,7,1
Denmark,11,1
Denmark,12,2
Denmark,16,1
Denmark,22,1
Denmark,33,2
Denmark,41,1
Denmark,42,1
Denmark,43,1
Denmark,45,1
Denmark,50,1
Denmark,52,1
Denmark,57,1
Denmark,58,1
Denmark,59,1
Denmark,61,1
Denmark,62,1
Denmark,67,2
Denmark,68,1
Denmark,69,1
Denmark,76,1
Denmark,80,1
Denmark,81,1
Denmark,83,1
Denmark,88,1
East Germany,14,1
East Germany,55,1
East Germany,58,1
East Germany,72,1
East Germany,77,1
Ecuador,5,1
Ecuador,8,1
Ecuador,16,1
Ecuador,22,1
Ecuador,24,1
Ecuador,31,1
Ecuador,34,1
Ecuador,48,1
Ecuador,49,1
Ecuador,54,1
Ecuador,65,1
Ecuador,67,1
Ecuador,80,1
Ecuador,90,1
Egypt,22,1
Egypt,35,1
Egypt,39,1
Egypt,73,1
Egypt,83,1
El Salvador,64,1
England,1,1
England,3,1
England,4,1
England,5,2
England,8,1
England,9,3
England,11,1
England,14,1
England,16,2
England,17,1
England,18,1
England,20,1
England,22,2
England,23,2
England,24,1
England,25,1
England,26,1
England,27,1
England,29,1
England,30,2
England,31,2
England,34,2
England,35,1
England,36,2
England,37,3
England,38,3
England,39,1
England,40,1
England,42,2
England,43,2
England,44,2
England,45,3
England,49,1
England,50,2
England,51,2
England,54,1
England,56,2
England,57,2
England,58,1
England,59,1
England,60,2
England,62,3
England,63,1
England,65,1
England,66,2
England,67,3
England,68,1
England,69,1
England,71,1
England,73,1
England,74,1
England,75,3
England,78,2
England,80,2
England,81,3
England,83,3
England,85,2
England,89,1
England,90,3
England,91,1
England,101,1
England,105,1
England,119,1
England,120,1
France,1,2
France,4,1
France,5,1
France,7,1
France,9,2
France,10,1
France,12,1
France,13,2
France,15,2
France,16,2
France,17,2
France,18,3
France,19,2
France,22,1
France,23,1
France,24,2
France,26,1
France,27,4
France,29,1
France,30,1
France,31,1
France,32,1
France,33,2
France,34,1
France,35,1
France,36,1
France,37,1
France,38,2
France,39,1
France,40,4
France,41,1
France,42,1
France,43,3
France,44,3
France,45,2
France,46,2
France,47,1
France,48,2
France,50,1
France,51,1
France,52,1
France,55,2
France,56,1
France,57,3
France,58,1
France,59,1
France,60,1
France,61,4
France,62,3
France,63,1
France,64,1
France,65,1
France,66,1
France,67,2
France,68,5
France,69,1
France,70,3
France,71,1
France,72,2
France,73,1
France,74,1
France,77,1
France,78,3
France,79,3
France,80,2
France,81,2
France,83,3
France,84,1
France,85,2
France,86,1
France,87,1
France,88,1
France,89,2
France,90,5
France,92,1
France,98,1
France,104,1
France,111,1
France,114,1
France,116,1
France,118,1
Germany,1,1
Germany,3,1
Germany,4,2
Germany,6,2
Germany,8,2
Germany,9,1
Germany,10,1
Germany,11,2
Germany,12,3
Germany,13,1
Germany,17,1
Germany,19,2
Germany,20,3
Germany,22,1
Germany,23,1
Germany,24,1
Germany,25,2
Germany,26,2
Germany,27,1
Germany,29,2
Germany,32,2
Germany,33,1
Germany,37,1
Germany,38,1
Germany,39,1
Germany,40,1
Germany,42,1
Germany,44,1
Germany,45,2
Germany,47,1
Germany,48,2
Germany,49,1
Germany,50,2
Germany,51,1
Germany,55,1
Germany,56,2
Germany,57,2
Germany,60,3
Germany,61,2
Germany,62,1
Germany,63,1
Germany,65,1
Germany,66,1
Germany,67,1
Germany,68,2
Germany,69,1
Germany,70,4
Germany,71,1
Germany,72,1
Germany,73,2
Germany,74,2
Germany,75,1
Germany,78,3
Germany,79,2
Germany,80,1
Germany,82,1
Germany,83,1
Germany,84,1
Germany,85,1
Germany,86,1
Germany,87,2
Germany,88,1
Germany,89,2
Germany,90,3
Germany,92,1
Germany,113,1
Germany,120,1
Ghana,2,1
Ghana,5,1
Ghana,22,1
Ghana,24,1
Ghana,25,1
Ghana,34,1
Ghana,45,2
Ghana,54,1
Ghana,57,1
Ghana,63,1
Ghana,68,1
Ghana,73,1
Ghana,82,2
Ghana,85,1
Ghana,89,1
Ghana,93,1
Greece,42,1
Greece,44,1
Greece,71,1
Greece,90,2
Haiti,46,1
Haiti,63,1
Honduras,8,1
Honduras,31,1
Honduras,60,1
Hungary,1,1
Hungary,2,2
Hungary,3,1
Hungary,4,2
Hungary,5,1
Hungary,6,2
Hungary,7,1
Hungary,8,3
Hungary,9,1
Hungary,11,2
Hungary,12,2
Hungary,13,2
Hungary,15,1
Hungary,17,2
Hungary,18,1
Hungary,19,2
Hungary,21,1
Hungary,23,1
Hungary,24,1
Hungary,27,1
Hungary,28,1
Hungary,31,1
Hungary,33,1
Hungary,35,1
Hungary,36,1
Hungary,37,1
Hungary,39,1
Hungary,40,1
Hungary,41,1
Hungary,43,1
Hungary,45,1
Hungary,46,2
Hungary,50,2
Hungary,52,1
Hungary,53,2
Hungary,54,4
Hungary,57,1
Hungary,59,1
Hungary,60,3
Hungary,61,1
Hungary,64,1
Hungary,65,1
Hungary,69,3
Hungary,70,3
Hungary,71,1
Hungary,72,1
Hungary,73,1
Hungary,75,3
Hungary,76,3
Hungary,77,1
Hungary,78,1
Hungary,81,1
Hungary,83,2
Hungary,85,1
Hungary,88,1
Hungary,89,3
Hungary,111,1
Hungary,116,1
Iceland,23,1
Iceland,76,1
Iran,36,1
Iran,40,1
Iran,41,1
Iran,60,1
Iran,65,1
Iran,75,1
Iran,82,1
Iran,84,1
Iran,90,5
Iraq,59,1
Israel,56,1
Italy,2,2
Italy,5,1
Italy,6,3
Italy,7,3
Italy,8,2
Italy,9,2
Italy,10,2
Italy,11,2
Italy,12,1
Italy,13,1
Italy,16,1
Italy,17,2
Italy,18,4
Italy,19,3
Italy,20,1
Italy,21,1
Italy,22,2
Italy,25,4
Italy,26,1
Italy,27,1
Italy,29,3
Italy,34,1
Italy,35,4
Italy,37,1
Italy,38,2
Italy,40,1
Italy,41,1
Italy,44,3
Italy,48,3
Italy,50,1
Italy,51,2
Italy,52,1
Italy,54,1
Italy,55,1
Italy,57,2
Italy,58,1
Italy,59,1
Italy,60,2
Italy,61,1
Italy,62,1
Italy,63,3
Italy,64,1
Italy,65,2
Italy,66,1
Italy,67,4
Italy,69,4
Italy,70,1
Italy,71,1
Italy,72,1
Italy,73,2
Italy,74,1
Italy,75,2
Italy,76,1
Italy,78,3
Italy,79,1
Italy,81,3
Italy,82,2
Italy,83,2
Italy,84,1
Italy,85,2
Italy,86,1
Italy,87,1
Italy,88,3
Italy,89,1
Italy,90,4
Italy,94,1
Italy,95,1
Italy,98,1
Italy,102,1
Italy,104,1
Italy,111,1
Italy,119,1
Italy,120,1
Ivory Coast,14,1
Ivory Coast,20,1
Ivory Coast,37,1
Ivory Coast,38,1
Ivory Coast,64,1
Ivory Coast,66,1
Ivory Coast,67,1
Ivory Coast,73,1
Ivory Coast,74,1
Ivory Coast,79,1
Ivory Coast,82,2
Ivory Coast,86,1
Jamaica,39,1
Jamaica,45,1
Jamaica,54,1
Japan,6,1
Japan,16,1
Japan,17,1
Japan,26,1
Japan,30,1
Japan,34,2
Japan,39,1
Japan,43,1
Japan,45,1
Japan,48,3
Japan,51,2
Japan,52,1
Japan,59,1
Japan,67,1
Japan,73,1
Japan,74,1
Japan,75,2
Japan,78,1
Japan,83,1
Japan,87,1
Kuwait,57,1
Kuwait,75,1
Mexico,3,1
Mexico,6,1
Mexico,12,1
Mexico,13,1
Mexico,14,1
Mexico,18,1
Mexico,23,1
Mexico,26,1
Mexico,28,2
Mexico,29,2
Mexico,34,2
Mexico,35,1
Mexico,39,1
Mexico,42,2
Mexico,45,2
Mexico,46,1
Mexico,47,2
Mexico,48,2
Mexico,50,1
Mexico,52,2
Mexico,54,2
Mexico,55,1
Mexico,57,2
Mexico,58,1
Mexico,60,1
Mexico,61,2
Mexico,62,1
Mexico,64,1
Mexico,65,2
Mexico,66,1
Mexico,70,1
Mexico,71,1
Mexico,72,1
Mexico,75,4
Mexico,76,1
Mexico,79,3
Mexico,82,1
Mexico,83,1
Mexico,84,1
Mexico,85,1
Mexico,89,3
Mexico,90,2
Morocco,4,1
Morocco,9,1
Morocco,14,1
Morocco,19,1
Morocco,21,1
Morocco,23,2
Morocco,26,2
Morocco,37,1
Morocco,42,1
Morocco,46,1
Morocco,47,1
Morocco,60,1
Morocco,61,1
Morocco,62,1
Morocco,73,1
Morocco,81,1
Morocco,85,1
Morocco,90,1
Netherlands,2,1
Netherlands,3,1
Netherlands,4,1
Netherlands,5,1
Netherlands,6,2
Netherlands,7,2
Netherlands,10,1
Netherlands,11,3
Netherlands,12,1
Netherlands,17,1
Netherlands,18,4
Netherlands,20,1
Netherlands,22,1
Netherlands,23,1
Netherlands,25,1
Netherlands,26,1
Netherlands,27,2
Netherlands,29,1
Netherlands,34,1
Netherlands,35,1
Netherlands,36,2
Netherlands,37,1
Netherlands,38,1
Netherlands,40,1
Netherlands,41,2
Netherlands,43,1
Netherlands,44,2
Netherlands,45,1
Netherlands,46,1
Netherlands,49,2
Netherlands,50,2
Netherlands,53,4
Netherlands,58,2
Netherlands,59,1
Netherlands,62,1
Netherlands,64,2
Netherlands,65,1
Netherlands,68,2
Netherlands,69,1
Netherlands,70,1
Netherlands,71,3
Netherlands,72,1
Netherlands,73,2
Netherlands,76,2
Netherlands,77,2
Netherlands,78,1
Netherlands,80,2
Netherlands,81,1
Netherlands,82,3
Netherlands,83,3
Netherlands,84,2
Netherlands,85,1
Netherlands,86,2
Netherlands,87,1
Netherlands,88,2
Netherlands,89,1
Netherlands,90,8
New Zealand,7,1
New Zealand,54,1
New Zealand,64,1
New Zealand,90,1
Nigeria,4,1
Nigeria,8,1
Nigeria,11,1
Nigeria,12,1
Nigeria,16,1
Nigeria,21,1
Nigeria,24,1
Nigeria,25,1
Nigeria,27,1
Nigeria,28,1
Nigeria,29,1
Nigeria,43,1
Nigeria,45,1
Nigeria,47,1
Nigeria,49,1
Nigeria,51,1
Nigeria,55,1
Nigeria,69,1
Nigeria,73,1
Nigeria,75,1
Nigeria,77,1
Nigeria,78,1
Nigeria,90,1
North Korea,1,1
North Korea,22,1
North Korea,25,1
North Korea,42,1
North Korea,88,1
North Korea,89,1
Northern Ireland,4,1
Northern Ireland,6,1
Northern Ireland,10,1
Northern Ireland,18,1
Northern Ireland,21,1
Northern Ireland,27,1
Northern Ireland,44,1
Northern Ireland,46,1
Northern Ireland,47,1
Northern Ireland,60,1
Northern Ireland,75,2
Northern Ireland,97,1
Norway,45,1
Norway,46,1
Norway,61,1
Norway,83,2
Norway,84,1
Norway,89,1
Panama,33,1
Panama,78,1
Paraguay,1,1
Paraguay,4,1
Paraguay,10,1
Paraguay,20,2
Paraguay,25,1
Paraguay,27,1
Paraguay,35,2
Paraguay,39,2
Paraguay,40,1
Paraguay,44,1
Paraguay,45,1
Paraguay,50,2
Paraguay,52,1
Paraguay,55,1
Paraguay,58,1
Paraguay,65,1
Paraguay,73,2
Paraguay,74,1
Paraguay,76,1
Paraguay,80,1
Paraguay,84,1
Paraguay,85,1
Paraguay,86,3
Peru,2,1
Peru,18,1
Peru,28,1
Peru,36,1
Peru,39,1
Peru,43,1
Peru,44,1
Peru,50,2
Peru,55,1
Peru,65,1
Peru,67,1
Peru,70,1
Peru,71,1
Peru,73,1
Peru,75,2
Peru,77,1
Peru,79,1
Peru,83,2
Poland,3,1
Poland,4,1
Poland,5,1
Poland,7,1
Poland,8,1
Poland,17,1
Poland,18,1
Poland,23,1
Poland,24,1
Poland,26,1
Poland,30,1
Poland,31,1
Poland,33,1
Poland,34,1
Poland,38,1
Poland,39,1
Poland,40,1
Poland,43,3
Poland,44,2
Poland,45,1
Poland,46,1
Poland,50,1
Poland,53,2
Poland,55,1
Poland,56,1
Poland,58,1
Poland,59,2
Poland,61,1
Poland,62,2
Poland,65,2
Poland,66,1
Poland,68,2
Poland,76,2
Poland,82,1
Poland,84,1
Poland,86,1
Poland,87,1
Poland,89,1
Poland,90,1
Poland,118,1
Portugal,2,1
Portugal,4,3
Portugal,5,2
Portugal,6,1
Portugal,7,1
Portugal,12,1
Portugal,14,1
Portugal,15,1
Portugal,17,1
Portugal,23,1
Portugal,24,1
Portugal,27,2
Portugal,29,1
Portugal,31,1
Portugal,33,1
Portugal,38,1
Portugal,39,1
Portugal,43,1
Portugal,44,1
Portugal,45,1
Portugal,51,1
Portugal,53,1
Portugal,54,1
Portugal,55,2
Portugal,56,2
Portugal,59,1
Portugal,60,1
Portugal,63,1
Portugal,65,2
Portugal,67,2
Portugal,71,1
Portugal,75,1
Portugal,77,1
Portugal,78,1
Portugal,80,5
Portugal,81,2
Portugal,82,1
Portugal,85,1
Portugal,87,1
Portugal,88,3
Portugal,89,2
Portugal,90,4
Qatar,78,1
Republic of Ireland,7,1
Republic of Ireland,11,1
Republic of Ireland,52,1
Republic of Ireland,61,1
Republic of Ireland,71,1
Republic of Ireland,73,1
Republic of Ireland,84,1
Republic of Ireland,87,1
Republic of Ireland,90,2
Romania,1,1
Romania,11,2
Romania,15,1
Romania,18,2
Romania,34,2
Romania,35,3
Romania,41,1
Romania,45,1
Romania,46,1
Romania,52,1
Romania,55,1
Romania,58,1
Romania,68,1
Romania,71,1
Romania,75,1
Romania,79,1
Romania,84,1
Romania,88,3
Romania,89,2
Romania,90,1
Romania,101,1
Romania,105,1
Russia,4,1
Russia,6,1
Russia,12,1
Russia,15,1
Russia,31,1
Russia,41,2
Russia,43,1
Russia,44,1
Russia,47,1
Russia,52,1
Russia,59,2
Russia,62,1
Russia,64,1
Russia,71,1
Russia,72,1
Russia,74,1
Russia,75,1
Russia,81,1
Russia,88,1
Russia,90,2
Russia,115,1
Saudi Arabia,5,1
Saudi Arabia,7,1
Saudi Arabia,18,1
Saudi Arabia,45,3
Saudi Arabia,48,1
Saudi Arabia,53,1
Saudi Arabia,57,1
Saudi Arabia,74,1
Saudi Arabia,84,1
Saudi Arabia,85,1
Saudi Arabia,90,2
Scotland,11,1
Scotland,14,1
Scotland,15,1
Scotland,18,3
Scotland,24,1
Scotland,26,1
Scotland,29,1
Scotland,32,1
Scotland,34,1
Scotland,38,1
Scotland,43,1
Scotland,45,1
Scotland,46,1
Scotland,49,1
Scotland,58,1
Scotland,66,1
Scotland,68,1
Scotland,73,1
Scotland,74,1
Scotland,79,1
Scotland,81,1
Scotland,86,1
Scotland,88,1
Senegal,11,1
Senegal,20,1
Senegal,26,1
Senegal,30,1
Senegal,37,2
Senegal,38,1
Senegal,41,1
Senegal,44,1
Senegal,48,1
Senegal,52,1
Senegal,60,1
Senegal,70,1
Senegal,71,1
Senegal,84,1
Senegal,104,1
Serbia,5,1
Serbia,26,1
Serbia,35,1
Serbia,38,1
Serbia,45,2
Serbia,53,1
Serbia,56,1
Serbia,84,1
Serbia and Montenegro,10,1
Serbia and Montenegro,20,1
Slovakia,25,1
Slovakia,50,1
Slovakia,73,1
Slovakia,89,1
Slovakia,90,1
Slovenia,13,1
Slovenia,42,1
Slovenia,45,1
Slovenia,79,1
Slovenia,82,1
South Africa,4,1
South Africa,18,1
South Africa,20,1
South Africa,31,1
South Africa,37,1
South Africa,51,1
South Africa,53,1
South Africa,55,1
South Africa,63,1
South Africa,90,2
South Korea,7,1
South Korea,9,1
South Korea,26,1
South Korea,27,2
South Korea,38,1
South Korea,43,1
South Korea,45,1
South Korea,49,1
South Korea,50,1
South Korea,52,2
South Korea,53,1
South Korea,54,1
South Korea,58,1
South Korea,61,1
South Korea,62,1
South Korea,63,1
South Korea,68,2
South Korea,70,2
South Korea,72,3
South Korea,73,1
South Korea,76,1
South Korea,78,1
South Korea,81,1
South Korea,83,1
South Korea,85,1
South Korea,88,1
South Korea,90,6
South Korea,117,1
Soviet Union,2,1
Soviet Union,4,1
Soviet Union,5,1
Soviet Union,8,1
Soviet Union,10,1
Soviet Union,11,1
Soviet Union,13,1
Soviet Union,14,1
Soviet Union,15,1
Soviet Union,20,1
Soviet Union,24,2
Soviet Union,26,1
Soviet Union,27,1
Soviet Union,28,1
Soviet Union,29,1
Soviet Union,31,1
Soviet Union,33,1
Soviet Union,34,1
Soviet Union,38,1
Soviet Union,43,1
Soviet Union,46,1
Soviet Union,48,2
Soviet Union,51,2
Soviet Union,52,1
Soviet Union,53,1
Soviet Union,56,2
Soviet Union,57,2
Soviet Union,58,1
Soviet Union,59,1
Soviet Union,62,1
Soviet Union,63,2
Soviet Union,66,1
Soviet Union,68,1
Soviet Union,69,1
Soviet Union,70,1
Soviet Union,73,1
Soviet Union,74,2
Soviet Union,76,1
Soviet Union,80,1
Soviet Union,83,1
Soviet Union,84,1
Soviet Union,85,1
Soviet Union,88,2
Soviet Union,89,1
Soviet Union,111,1
Spain,1,1
Spain,4,1
Spain,6,1
Spain,8,1
Spain,11,2
Spain,12,1
Spain,13,1
Spain,14,2
Spain,15,2
Spain,17,3
Spain,18,3
Spain,19,2
Spain,21,3
Spain,23,2
Spain,24,2
Spain,25,1
Spain,26,1
Spain,27,1
Spain,28,1
Spain,29,1
Spain,30,2
Spain,31,1
Spain,35,1
Spain,36,2
Spain,37,2
Spain,38,1
Spain,39,1
Spain,43,1
Spain,44,1
Spain,45,1
Spain,47,1
Spain,48,2
Spain,51,2
Spain,53,1
Spain,54,2
Spain,55,3
Spain,56,2
Spain,57,1
Spain,58,2
Spain,61,1
Spain,62,1
Spain,63,1
Spain,65,1
Spain,66,2
Spain,68,2
Spain,69,2
Spain,70,2
Spain,71,3
Spain,73,1
Spain,74,3
Spain,75,2
Spain,76,1
Spain,80,1
Spain,81,4
Spain,82,3
Spain,83,3
Spain,84,1
Spain,85,1
Spain,86,1
Spain,87,1
Spain,88,2
Spain,89,1
Spain,90,6
Spain,116,1
Sweden,1,1
Sweden,4,1
Sweden,5,1
Sweden,6,1
Sweden,8,2
Sweden,9,2
Sweden,11,1
Sweden,15,1
Sweden,17,2
Sweden,22,1
Sweden,23,1
Sweden,24,1
Sweden,25,1
Sweden,26,1
Sweden,28,1
Sweden,29,1
Sweden,30,1
Sweden,32,3
Sweden,33,2
Sweden,34,1
Sweden,35,1
Sweden,37,3
Sweden,38,1
Sweden,39,2
Sweden,40,1
Sweden,44,1
Sweden,46,1
Sweden,49,1
Sweden,50,1
Sweden,51,2
Sweden,53,2
Sweden,55,1
Sweden,57,1
Sweden,59,2
Sweden,60,1
Sweden,62,1
Sweden,63,1
Sweden,64,1
Sweden,65,1
Sweden,66,1
Sweden,67,2
Sweden,68,1
Sweden,74,2
Sweden,75,1
Sweden,77,1
Sweden,78,1
Sweden,79,2
Sweden,80,3
Sweden,81,2
Sweden,82,2
Sweden,84,1
Sweden,85,1
Sweden,86,1
Sweden,88,3
Sweden,89,2
Sweden,90,2
Sweden,115,1
Switzerland,6,2
Switzerland,7,1
Switzerland,10,1
Switzerland,14,1
Switzerland,16,3
Switzerland,17,2
Switzerland,18,2
Switzerland,19,1
Switzerland,20,1
Switzerland,23,1
Switzerland,31,3
Switzerland,39,2
Switzerland,42,1
Switzerland,43,2
Switzerland,44,2
Switzerland,48,4
Switzerland,50,1
Switzerland,52,3
Switzerland,58,1
Switzerland,60,1
Switzerland,64,1
Switzerland,65,1
Switzerland,66,1
Switzerland,71,1
Switzerland,72,1
Switzerland,73,1
Switzerland,75,1
Switzerland,77,1
Switzerland,78,3
Switzerland,81,1
Switzerland,85,1
Switzerland,87,1
Switzerland,88,3
Switzerland,90,3
Togo,31,1
Tunisia,8,1
Tunisia,12,1
Tunisia,17,1
Tunisia,18,1
Tunisia,23,1
Tunisia,35,1
Tunisia,51,1
Tunisia,55,1
Tunisia,58,1
Tunisia,66,1
Tunisia,79,1
Tunisia,87,1
Tunisia,90,2
Turkey,1,1
Turkey,2,1
Turkey,6,1
Turkey,9,1
Turkey,10,1
Turkey,12,1
Turkey,13,1
Turkey,21,1
Turkey,24,1
Turkey,30,1
Turkey,32,1
Turkey,37,1
Turkey,45,1
Turkey,56,1
Turkey,64,1
Turkey,70,1
Turkey,76,1
Turkey,82,1
Turkey,85,1
Turkey,94,1
Ukraine,4,1
Ukraine,36,1
Ukraine,46,1
Ukraine,70,1
Ukraine,84,1
United Arab Emirates,22,1
United Arab Emirates,46,1
United States,1,1
United States,4,1
United States,8,1
United States,10,1
United States,15,1
United States,17,1
United States,23,1
United States,24,1
United States,27,1
United States,29,1
United States,35,1
United States,36,2
United States,38,2
United States,40,1
United States,43,1
United States,44,1
United States,45,1
United States,47,1
United States,48,2
United States,50,1
United States,52,1
United States,57,1
United States,60,1
United States,62,1
United States,64,1
United States,65,1
United States,69,1
United States,76,1
United States,81,1
United States,82,1
United States,83,2
United States,86,1
United States,87,1
United States,89,1
United States,90,1
United States,107,1
Uruguay,4,1
Uruguay,5,1
Uruguay,7,2
Uruguay,8,1
Uruguay,10,1
Uruguay,12,1
Uruguay,14,1
Uruguay,17,1
Uruguay,18,2
Uruguay,19,2
Uruguay,20,1
Uruguay,22,1
Uruguay,23,4
Uruguay,24,2
Uruguay,26,3
Uruguay,28,1
Uruguay,29,1
Uruguay,30,1
Uruguay,31,3
Uruguay,32,1
Uruguay,35,1
Uruguay,39,3
Uruguay,40,1
Uruguay,41,1
Uruguay,43,1
Uruguay,45,1
Uruguay,46,2
Uruguay,47,2
Uruguay,50,1
Uruguay,51,2
Uruguay,54,3
Uruguay,55,1
Uruguay,56,1
Uruguay,57,2
Uruguay,61,1
Uruguay,62,1
Uruguay,65,1
Uruguay,66,1
Uruguay,67,1
Uruguay,68,1
Uruguay,69,1
Uruguay,71,1
Uruguay,72,1
Uruguay,73,2
Uruguay,75,2
Uruguay,77,1
Uruguay,78,1
Uruguay,79,1
Uruguay,80,2
Uruguay,81,1
Uruguay,83,2
Uruguay,84,1
Uruguay,85,3
Uruguay,86,1
Uruguay,87,2
Uruguay,88,1
Uruguay,89,2
Uruguay,90,4
Uruguay,117,1
Wales,27,1
Wales,32,1
Wales,55,1
Wales,76,1
Wales,82,1
West Germany,3,1
West Germany,7,1
West Germany,9,3
West Germany,10,2
West Germany,11,1
West Germany,12,4
West Germany,14,1
West Germany,15,1
West Germany,16,1
West Germany,17,1
West Germany,18,3
West Germany,19,2
West Germany,20,2
West Germany,21,2
West Germany,23,1
West Germany,24,1
West Germany,25,3
West Germany,26,2
West Germany,27,1
West Germany,28,1
West Germany,30,2
West Germany,31,1
West Germany,32,1
West Germany,34,1
West Germany,35,1
West Germany,37,1
West Germany,38,1
West Germany,39,4
West Germany,40,1
West Germany,42,1
West Germany,43,2
West Germany,44,1
West Germany,45,1
West Germany,47,2
West Germany,49,1
West Germany,50,1
West Germany,51,2
West Germany,52,5
West Germany,53,1
West Germany,54,1
West Germany,56,1
West Germany,57,1
West Germany,58,1
West Germany,59,1
West Germany,60,4
West Germany,61,1
West Germany,62,1
West Germany,64,2
West Germany,66,1
West Germany,67,3
West Germany,68,2
West Germany,70,3
West Germany,71,1
West Germany,73,1
West Germany,74,1
West Germany,75,3
West Germany,76,2
West Germany,77,3
West Germany,78,1
West Germany,79,2
West Germany,80,1
West Germany,81,2
West Germany,82,3
West Germany,83,2
West Germany,84,6
West Germany,85,3
West Germany,87,1
West Germany,88,2
West Germany,89,4
West Germany,90,2
West Germany,94,1
West Germany,102,1
West Germany,108,2
West Germany,110,1
Yugoslavia,4,2
Yugoslavia,5,1
Yugoslavia,6,1
Yugoslavia,8,1
Yugoslavia,9,1
Yugoslavia,10,1
Yugoslavia,13,1
Yugoslavia,14,1
Yugoslavia,15,1
Yugoslavia,16,1
Yugoslavia,18,2
Yugoslavia,20,2
Yugoslavia,21,2
Yugoslavia,22,1
Yugoslavia,23,1
Yugoslavia,25,2
Yugoslavia,27,1
Yugoslavia,29,1
Yugoslavia,30,2
Yugoslavia,35,1
Yugoslavia,43,1
Yugoslavia,46,1
Yugoslavia,48,2
Yugoslavia,49,1
Yugoslavia,51,1
Yugoslavia,52,1
Yugoslavia,55,1
Yugoslavia,59,1
Yugoslavia,60,1
Yugoslavia,61,2
Yugoslavia,63,1
Yugoslavia,65,2
Yugoslavia,67,1
Yugoslavia,69,1
Yugoslavia,70,1
Yugoslavia,73,2
Yugoslavia,75,1
Yugoslavia,78,1
Yugoslavia,81,3
Yugoslavia,82,1
Yugoslavia,84,1
Yugoslavia,85,2
Yugoslavia,87,1
Yugoslavia,88,2
Yugoslavia,90,1
Yugoslavia,93,1