,team_name,minute_regulation,yellow_card,second_yellow_card,red_card
1926,Algeria,12,1,0,0
376,Algeria,33,1,0,0
2093,Algeria,34,1,0,0
308,Algeria,36,1,0,0
2177,Algeria,39,1,0,0
2204,Algeria,42,1,0,0
1801,Algeria,59,1,0,0
222,Algeria,67,1,0,0
2135,Algeria,67,1,0,0
1802,Algeria,73,1,1,0
1928,Algeria,76,1,0,0
202,Algeria,83,1,0,0
1929,Algeria,83,1,0,0
1872,Algeria,85,1,0,0
2180,Algeria,87,1,0,0
1804,Algeria,90,1,0,0
1931,Algeria,90,1,1,0
1538,Angola,13,1,0,0
1616,Angola,22,1,0,0
1453,Angola,28,1,0,0
1539,Angola,44,1,0,0
1454,Angola,45,1,0,0
1618,Angola,45,1,0,0
1540,Angola,50,1,0,0
1455,Angola,52,1,0,0
1620,Angola,67,1,0,0
1542,Angola,79,1,1,0
1543,Angola,86,1,0,0
620,Argentina,5,1,0,0
2018,Argentina,11,1,0,0
2404,Argentina,11,1,0,0
1231,Argentina,13,1,0,0
436,Argentina,17,1,0,0
2405,Argentina,19,1,0,0
68,Argentina,21,1,0,0
592,Argentina,21,1,0,0
1114,Argentina,22,1,0,0
1047,Argentina,23,1,0,0
363,Argentina,25,1,0,0
2085,Argentina,25,1,0,0
106,Argentina,26,1,0,0
444,Argentina,27,1,0,0
564,Argentina,27,1,0,0
565,Argentina,28,1,0,0
396,Argentina,30,1,0,0
611,Argentina,30,1,0,0
234,Argentina,31,1,0,0
255,Argentina,32,1,0,0
263,Argentina,33,1,0,0
434,Argentina,33,1,0,0
799,Argentina,33,1,0,0
773,Argentina,34,1,0,0
122,Argentina,35,1,0,0
256,Argentina,35,1,0,0
1048,Argentina,35,1,0,0
1528,Argentina,36,1,0,0
257,Argentina,39,1,0,0
189,Argentina,40,1,0,0
667,Argentina,40,1,0,0
595,Argentina,41,1,0,0
1438,Argentina,41,1,0,0
1792,Argentina,41,1,0,0
2406,Argentina,43,1,0,0
2543,Argentina,43,1,0,0
2653,Argentina,43,1,0,0
235,Argentina,44,1,0,0
774,Argentina,44,1,0,0
1096,Argentina,44,1,0,0
1695,Argentina,45,1,0,0
2654,Argentina,45,1,0,0
2683,Argentina,45,1,0,0
1744,Argentina,46,1,0,0
69,Argentina,47,1,0,0
1097,Argentina,47,1,0,0
1439,Argentina,48,1,0,0
398,Argentina,49,1,0,0
2230,Argentina,49,1,0,0
2371,Argentina,49,1,0,0
2588,Argentina,49,1,0,0
2407,Argentina,50,1,0,0
1157,Argentina,51,1,0,0
2305,Argentina,51,1,0,0
86,Argentina,54,1,0,0
720,Argentina,54,1,0,0
1843,Argentina,54,1,0,0
194,Argentina,55,1,0,0
474,Argentina,55,1,0,0
801,Argentina,55,1,0,0
1307,Argentina,55,1,0,0
1844,Argentina,55,1,0,0
802,Argentina,56,1,0,0
475,Argentina,57,1,0,0
1643,Argentina,57,1,0,0
321,Argentina,58,1,0,0
1308,Argentina,58,1,0,0
107,Argentina,60,1,0,0
426,Argentina,60,1,0,0
1115,Argentina,60,1,0,0
1745,Argentina,60,1,0,0
596,Argentina,61,1,0,0
2239,Argentina,64,1,0,0
2372,Argentina,64,1,0,0
322,Argentina,65,1,0,0
622,Argentina,65,0,0,1
986,Argentina,65,1,0,0
2240,Argentina,65,1,0,0
129,Argentina,68,1,0,0
1052,Argentina,68,1,0,0
2678,Argentina,68,1,0,0
476,Argentina,70,1,0,0
612,Argentina,71,1,0,0
2679,Argentina,71,1,0,0
126,Argentina,72,1,0,0
509,Argentina,72,1,0,0
1099,Argentina,73,1,0,0
1845,Argentina,74,1,0,0
1310,Argentina,75,1,0,0
2221,Argentina,75,1,0,0
613,Argentina,76,1,0,0
1917,Argentina,76,1,0,0
2657,Argentina,76,1,0,0
149,Argentina,77,1,0,0
439,Argentina,77,1,0,0
477,Argentina,77,1,0,0
168,Argentina,80,1,0,0
2020,Argentina,80,1,0,0
440,Argentina,81,1,0,0
779,Argentina,81,1,0,0
1441,Argentina,81,1,0,0
614,Argentina,82,1,0,0
401,Argentina,83,1,0,0
804,Argentina,83,1,0,0
259,Argentina,84,0,0,1
623,Argentina,84,1,0,0
265,Argentina,85,0,0,1
441,Argentina,85,1,0,0
2308,Argentina,85,1,0,0
510,Argentina,86,1,0,0
1117,Argentina,86,1,0,0
569,Argentina,87,1,0,0
624,Argentina,87,1,0,0
625,Argentina,87,0,0,1
1118,Argentina,87,0,0,1
2309,Argentina,87,1,0,0
1746,Argentina,88,1,0,0
2659,Argentina,89,1,0,0
1159,Argentina,90,1,0,0
1644,Argentina,90,1,0,0
2208,Argentina,90,1,0,0
2374,Argentina,90,1,0,0
2411,Argentina,90,1,0,0
2660,Argentina,90,1,0,0
2661,Argentina,90,1,0,0
2687,Argentina,90,1,0,0
190,Argentina,93,1,0,0
1748,Argentina,95,1,0,0
615,Argentina,103,1,1,0
2663,Argentina,109,1,0,0
597,Argentina,111,1,0,0
1698,Argentina,112,1,0,0
2664,Argentina,112,1,0,0
2688,Argentina,114,1,0,0
2689,Argentina,116,1,0,0
616,Argentina,118,1,0,0
1100,Argentina,120,1,0,0
2209,Argentina,120,1,0,0
2210,Argentina,120,1,0,0
2690,Argentina,120,1,0,0
2584,Australia,4,1,0,0
2358,Australia,10,1,0,0
1570,Australia,13,1,0,0
2251,Australia,13,1,0,0
2634,Australia,15,1,0,0
1723,Australia,23,1,0,0
1812,Australia,24,1,0,0
1874,Australia,24,0,0,1
1458,Australia,33,1,0,0
88,Australia,37,1,0,0
2635,Australia,38,1,0,0
1573,Australia,39,1,0,0
2102,Australia,43,1,0,0
2060,Australia,44,1,0,0
1813,Australia,46,1,0,0
1725,Australia,49,1,0,0
1933,Australia,49,1,0,0
1934,Australia,50,1,0,0
2495,Australia,55,1,0,0
1814,Australia,56,0,0,1
2252,Australia,57,1,0,0
2585,Australia,57,1,0,0
1460,Australia,58,1,0,0
1815,Australia,58,1,0,0
2061,Australia,58,1,0,0
2360,Australia,60,1,0,0
1727,Australia,61,1,0,0
2361,Australia,66,1,0,0
1936,Australia,67,1,0,0
2062,Australia,67,1,0,0
1462,Australia,69,1,0,0
1463,Australia,78,1,0,0
2496,Australia,80,1,0,0
1657,Australia,81,1,0,0
89,Australia,83,0,0,1
1878,Australia,85,1,0,0
1659,Australia,87,1,1,0
2254,Australia,87,1,0,0
2139,Australia,88,1,0,0
2363,Australia,88,1,0,0
2140,Australia,90,1,0,0
2497,Australia,90,1,0,0
1005,Austria,3,1,0,0
453,Austria,6,1,0,0
204,Austria,12,1,0,0
523,Austria,21,1,0,0
484,Austria,22,1,0,0
934,Austria,26,1,0,0
878,Austria,27,1,0,0
526,Austria,31,1,0,0
244,Austria,32,1,0,0
527,Austria,33,0,0,1
1006,Austria,35,1,0,0
1007,Austria,43,1,0,0
529,Austria,50,1,0,0
252,Austria,60,1,0,0
206,Austria,66,1,0,0
177,Austria,69,1,0,0
487,Austria,71,1,0,0
245,Austria,74,1,0,0
531,Austria,84,1,0,0
179,Austria,85,1,0,0
488,Austria,85,1,0,0
261,Austria,86,1,0,0
1009,Austria,88,1,0,0
532,Austria,90,1,0,0
2501,Belgium,9,1,0,0
2276,Belgium,14,1,0,0
20,Belgium,15,1,0,0
347,Belgium,16,1,0,0
2396,Belgium,19,1,0,0
707,Belgium,20,1,0,0
901,Belgium,20,1,0,0
1192,Belgium,21,1,0,0
427,Belgium,24,1,0,0
1384,Belgium,24,1,0,0
2092,Belgium,24,1,0,0
433,Belgium,27,1,0,0
23,Belgium,29,1,0,0
902,Belgium,29,1,0,0
2553,Belgium,29,1,0,0
2397,Belgium,33,1,0,0
500,Belgium,35,1,0,0
786,Belgium,38,1,0,0
1342,Belgium,39,1,0,0
1265,Belgium,40,1,0,0
502,Belgium,41,1,1,0
2212,Belgium,42,1,0,0
2182,Belgium,45,0,0,1
2440,Belgium,47,1,0,0
193,Belgium,50,1,0,0
2183,Belgium,50,1,0,0
2219,Belgium,53,1,0,0
979,Belgium,54,0,0,1
2132,Belgium,54,1,0,0
2502,Belgium,54,1,0,0
373,Belgium,55,1,0,0
306,Belgium,56,1,0,0
2503,Belgium,56,1,0,0
2282,Belgium,59,1,0,0
761,Belgium,61,1,0,0
24,Belgium,62,1,0,0
1195,Belgium,62,1,0,0
435,Belgium,63,1,0,0
2452,Belgium,63,1,0,0
227,Belgium,65,1,0,0
390,Belgium,65,1,0,0
1029,Belgium,65,1,0,0
2601,Belgium,67,1,0,0
980,Belgium,68,1,0,0
2220,Belgium,69,1,0,0
2441,Belgium,71,1,0,0
2453,Belgium,71,1,0,0
2133,Belgium,73,1,0,0
228,Belgium,79,1,0,0
763,Belgium,80,1,0,0
650,Belgium,81,1,0,0
1196,Belgium,82,1,0,0
651,Belgium,85,1,0,0
2283,Belgium,88,1,0,0
2456,Belgium,90,1,0,0
2462,Belgium,90,1,0,0
430,Belgium,115,1,0,0
685,Bolivia,22,1,0,0
686,Bolivia,22,1,0,0
687,Bolivia,32,1,0,0
627,Bolivia,37,1,0,0
628,Bolivia,39,1,0,0
630,Bolivia,66,1,0,0
690,Bolivia,82,1,1,0
631,Bolivia,83,0,0,1
632,Bolivia,89,1,0,0
2129,Bosnia and Herzegovina,6,1,0,0
2086,Bosnia and Herzegovina,63,1,0,0
2163,Bosnia and Herzegovina,78,1,0,0
2232,Brazil,2,1,0,0
859,Brazil,3,1,0,0
865,Brazil,4,1,0,0
1425,Brazil,6,1,0,0
2616,Brazil,7,1,0,0
807,Brazil,8,1,0,0
1106,Brazil,11,1,0,0
1733,Brazil,13,1,0,0
1960,Brazil,15,1,0,0
808,Brazil,16,1,0,0
758,Brazil,23,1,0,0
1242,Brazil,25,1,0,0
1758,Brazil,25,1,0,0
1962,Brazil,25,1,0,0
2647,Brazil,25,1,0,0
117,Brazil,27,1,0,0
2050,Brazil,27,1,0,0
118,Brazil,28,1,0,0
1385,Brazil,28,1,0,0
131,Brazil,29,1,0,0
1571,Brazil,29,1,0,0
1992,Brazil,30,1,0,0
6,Brazil,31,1,0,0
1124,Brazil,31,1,0,0
1572,Brazil,31,1,0,0
51,Brazil,33,1,0,0
1140,Brazil,33,1,0,0
73,Brazil,35,1,0,0
185,Brazil,35,1,0,0
394,Brazil,36,1,0,0
930,Brazil,36,1,0,0
132,Brazil,37,1,0,0
870,Brazil,37,1,0,0
1108,Brazil,37,1,0,0
2006,Brazil,37,1,0,0
459,Brazil,38,1,0,0
566,Brazil,40,1,0,0
1419,Brazil,41,1,0,0
1490,Brazil,42,1,0,0
809,Brazil,43,0,0,1
1965,Brazil,43,1,0,0
2418,Brazil,43,1,0,0
41,Brazil,44,1,0,0
133,Brazil,44,1,0,0
186,Brazil,44,1,0,0
698,Brazil,44,1,0,0
1662,Brazil,44,1,0,0
1736,Brazil,44,1,0,0
871,Brazil,45,1,0,0
1070,Brazil,45,1,0,0
1125,Brazil,45,1,0,0
1759,Brazil,45,1,0,0
1760,Brazil,45,1,0,0
2094,Brazil,45,1,0,0
2270,Brazil,47,1,0,0
567,Brazil,50,1,0,0
2571,Brazil,52,1,0,0
2235,Brazil,54,1,0,0
2186,Brazil,55,1,0,0
1399,Brazil,57,0,0,1
2420,Brazil,59,1,0,0
460,Brazil,60,1,0,0
2187,Brazil,60,1,0,0
2215,Brazil,64,1,0,0
2228,Brazil,68,1,0,0
2236,Brazil,68,1,0,0
2649,Brazil,68,1,0,0
1243,Brazil,69,1,0,0
1995,Brazil,72,1,0,0
1178,Brazil,73,1,0,0
2009,Brazil,73,0,0,1
838,Brazil,74,1,0,0
119,Brazil,75,1,0,0
1762,Brazil,75,1,0,0
139,Brazil,76,1,0,0
95,Brazil,77,1,0,0
264,Brazil,77,1,0,0
2650,Brazil,77,1,0,0
2218,Brazil,78,1,0,0
2097,Brazil,79,1,0,0
74,Brazil,81,1,0,0
1111,Brazil,81,1,0,0
2311,Brazil,81,1,0,0
2312,Brazil,81,1,0,0
301,Brazil,82,1,0,0
395,Brazil,83,1,0,0
1574,Brazil,83,1,0,0
135,Brazil,84,0,0,1
266,Brazil,85,1,0,0
568,Brazil,85,0,0,1
1892,Brazil,85,1,0,0
2442,Brazil,85,1,0,0
2620,Brazil,85,1,0,0
75,Brazil,87,1,0,0
153,Brazil,87,1,0,0
868,Brazil,87,1,0,0
932,Brazil,87,1,0,0
462,Brazil,88,1,0,0
494,Brazil,88,1,0,0
1830,Brazil,88,1,0,0
1894,Brazil,88,1,1,0
2053,Brazil,88,1,0,0
495,Brazil,90,1,0,0
1072,Brazil,90,1,0,0
1323,Brazil,90,1,0,0
2443,Brazil,90,1,0,0
2188,Brazil,93,1,0,0
2190,Brazil,105,1,0,0
771,Bulgaria,7,1,0,0
78,Bulgaria,9,1,0,0
825,Bulgaria,12,1,0,0
722,Bulgaria,17,1,0,0
827,Bulgaria,17,1,0,0
842,Bulgaria,22,1,0,0
772,Bulgaria,24,1,0,0
723,Bulgaria,26,1,0,0
880,Bulgaria,27,1,0,0
724,Bulgaria,33,1,0,0
829,Bulgaria,34,1,0,0
103,Bulgaria,44,1,0,0
775,Bulgaria,45,1,0,0
882,Bulgaria,45,1,0,0
1025,Bulgaria,45,1,0,0
328,Bulgaria,49,1,0,0
830,Bulgaria,50,1,1,0
298,Bulgaria,51,1,0,0
854,Bulgaria,52,1,0,0
673,Bulgaria,54,1,0,0
389,Bulgaria,58,1,0,0
776,Bulgaria,58,1,0,0
856,Bulgaria,65,1,0,0
964,Bulgaria,66,1,0,0
104,Bulgaria,67,1,0,0
777,Bulgaria,67,1,1,0
832,Bulgaria,67,1,0,0
863,Bulgaria,73,1,0,0
883,Bulgaria,73,1,0,0
778,Bulgaria,74,1,0,0
966,Bulgaria,78,1,0,0
845,Bulgaria,82,1,0,0
858,Bulgaria,83,1,0,0
728,Bulgaria,84,1,0,0
846,Bulgaria,85,1,0,0
1027,Bulgaria,85,1,0,0
884,Bulgaria,89,1,1,0
656,Cameroon,5,1,0,0
938,Cameroon,6,1,0,0
2615,Cameroon,6,1,0,0
696,Cameroon,8,1,0,0
998,Cameroon,8,1,0,0
1289,Cameroon,8,1,0,0
442,Cameroon,9,1,0,0
1216,Cameroon,10,1,0,0
2143,Cameroon,11,1,0,0
753,Cameroon,12,1,0,0
939,Cameroon,16,1,0,0
478,Cameroon,20,1,0,0
443,Cameroon,23,1,0,0
2563,Cameroon,24,1,0,0
1951,Cameroon,25,1,0,0
606,Cameroon,28,1,0,0
2617,Cameroon,28,1,0,0
879,Cameroon,30,1,0,0
2564,Cameroon,30,1,0,0
2618,Cameroon,32,1,0,0
231,Cameroon,36,1,0,0
2506,Cameroon,36,1,0,0
697,Cameroon,37,1,0,0
211,Cameroon,40,1,0,0
2107,Cameroon,40,0,0,1
941,Cameroon,42,0,0,1
1295,Cameroon,42,1,0,0
553,Cameroon,44,1,0,0
754,Cameroon,44,1,0,0
1297,Cameroon,44,1,0,0
554,Cameroon,47,1,0,0
1879,Cameroon,49,1,0,0
1000,Cameroon,51,0,0,1
445,Cameroon,54,1,0,0
1298,Cameroon,56,1,0,0
1299,Cameroon,58,1,0,0
1300,Cameroon,60,1,0,0
446,Cameroon,61,0,0,1
511,Cameroon,61,1,0,0
699,Cameroon,63,0,0,1
512,Cameroon,66,1,0,0
480,Cameroon,68,1,0,0
555,Cameroon,68,1,0,0
1820,Cameroon,72,1,0,0
1880,Cameroon,75,1,0,0
2144,Cameroon,76,1,0,0
1303,Cameroon,77,1,1,0
2055,Cameroon,77,1,0,0
943,Cameroon,79,1,0,0
198,Cameroon,80,1,0,0
212,Cameroon,80,1,0,0
2145,Cameroon,80,1,0,0
1304,Cameroon,81,1,0,0
1954,Cameroon,81,1,0,0
2619,Cameroon,81,1,0,0
944,Cameroon,85,1,0,0
447,Cameroon,88,0,0,1
1003,Cameroon,88,0,0,1
1150,Cameroon,89,1,0,0
2621,Cameroon,90,1,1,0
608,Cameroon,104,1,0,0
558,Cameroon,117,1,0,0
609,Cameroon,120,1,0,0
2597,Canada,7,1,0,0
2598,Canada,26,1,0,0
2599,Canada,45,1,0,0
330,Canada,52,1,0,0
2555,Canada,52,1,0,0
2504,Canada,81,1,0,0
331,Canada,83,1,0,0
2505,Canada,83,1,0,0
2600,Canada,84,1,0,0
332,Canada,85,1,1,0
2558,Canada,85,1,0,0
1899,Chile,2,1,0,0
1831,Chile,4,1,0,0
215,Chile,11,1,0,0
54,Chile,13,1,0,0
1967,Chile,15,1,0,0
933,Chile,16,1,0,0
2184,Chile,17,1,0,0
1832,Chile,19,1,0,0
1968,Chile,19,1,0,0
1969,Chile,21,1,0,0
1901,Chile,22,1,0,0
1902,Chile,25,1,0,0
2141,Chile,25,1,0,0
2104,Chile,26,1,0,0
205,Chile,29,1,0,0
216,Chile,29,1,0,0
1069,Chile,34,1,0,0
1970,Chile,37,1,1,0
2185,Chile,40,1,0,0
875,Chile,45,1,0,0
1071,Chile,45,1,0,0
55,Chile,47,1,0,0
935,Chile,47,1,0,0
1993,Chile,47,1,0,0
999,Chile,50,1,0,0
876,Chile,53,1,0,0
1001,Chile,55,1,0,0
70,Chile,56,1,0,0
936,Chile,58,1,0,0
56,Chile,59,1,0,0
71,Chile,60,1,0,0
1905,Chile,60,1,0,0
1907,Chile,61,1,0,0
2106,Chile,61,1,0,0
877,Chile,66,1,0,0
1002,Chile,66,1,0,0
57,Chile,67,0,0,1
1994,Chile,68,1,0,0
937,Chile,74,1,0,0
1996,Chile,80,1,0,0
2063,Chile,86,1,0,0
237,Chile,88,1,0,0
1004,Chile,89,1,0,0
1908,Chile,90,1,0,0
2189,Chile,102,1,0,0
1326,China,45,1,0,0
1327,China,58,0,0,1
1187,China,60,1,0,0
1328,China,62,1,0,0
1188,China,72,1,0,0
1189,China,77,1,0,0
2285,Colombia,3,0,0,1
514,Colombia,15,1,0,0
992,Colombia,18,1,0,0
1056,Colombia,20,1,0,0
679,Colombia,24,1,0,0
2064,Colombia,26,1,0,0
515,Colombia,30,1,0,0
644,Colombia,36,1,0,0
516,Colombia,38,1,0,0
2428,Colombia,41,1,0,0
2394,Colombia,45,1,0,0
916,Colombia,47,1,0,0
2429,Colombia,52,1,0,0
646,Colombia,53,1,0,0
2430,Colombia,54,1,0,0
730,Colombia,58,1,0,0
731,Colombia,62,1,0,0
2159,Colombia,63,1,0,0
2432,Colombia,63,1,0,0
2286,Colombia,64,1,0,0
2433,Colombia,64,1,0,0
2216,Colombia,67,1,0,0
647,Colombia,70,1,0,0
2217,Colombia,71,1,0,0
556,Colombia,72,1,0,0
557,Colombia,74,1,0,0
2192,Colombia,78,1,0,0
732,Colombia,80,1,0,0
1058,Colombia,86,1,0,0
2287,Colombia,86,1,0,0
1059,Colombia,89,1,0,0
2435,Colombia,118,1,0,0
559,Costa Rica,6,1,0,0
1507,Costa Rica,10,1,0,0
2387,Costa Rica,11,1,0,0
1185,Costa Rica,15,1,0,0
492,Costa Rica,16,1,0,0
1186,Costa Rica,17,1,0,0
1597,Costa Rica,17,1,0,0
2261,Costa Rica,22,1,0,0
1251,Costa Rica,24,1,0,0
540,Costa Rica,28,1,0,0
1508,Costa Rica,28,1,0,0
2388,Costa Rica,29,1,0,0
1427,Costa Rica,30,1,0,0
2222,Costa Rica,37,1,0,0
2547,Costa Rica,41,1,0,0
2197,Costa Rica,42,1,0,0
1252,Costa Rica,43,1,0,0
1601,Costa Rica,45,1,0,0
1602,Costa Rica,45,1,0,0
2198,Costa Rica,48,1,0,0
2223,Costa Rica,52,1,0,0
541,Costa Rica,53,1,0,0
1603,Costa Rica,56,1,0,0
2262,Costa Rica,56,1,0,0
493,Costa Rica,59,1,0,0
2152,Costa Rica,60,1,0,0
2549,Costa Rica,61,1,0,0
2199,Costa Rica,66,1,1,0
2499,Costa Rica,68,1,0,0
2200,Costa Rica,70,1,0,0
2550,Costa Rica,70,1,0,0
2119,Costa Rica,71,1,0,0
563,Costa Rica,75,1,0,0
1605,Costa Rica,76,1,0,0
2602,Costa Rica,77,1,0,0
1190,Costa Rica,79,1,0,0
2225,Costa Rica,81,1,0,0
2313,Costa Rica,84,1,0,0
1191,Costa Rica,85,1,0,0
2392,Costa Rica,89,1,0,0
2202,Costa Rica,90,1,0,0
2500,Costa Rica,90,1,0,0
2226,Costa Rica,107,1,0,0
909,Croatia,5,1,0,0
2146,Croatia,9,1,0,0
1119,Croatia,13,1,0,0
2365,Croatia,14,1,0,0
1046,Croatia,20,1,0,0
971,Croatia,26,1,0,0
1089,Croatia,27,1,0,0
2258,Croatia,30,1,0,0
2648,Croatia,31,1,0,0
1489,Croatia,32,1,0,0
1566,Croatia,32,1,0,0
1653,Croatia,32,1,0,0
2676,Croatia,32,1,0,0
2677,Croatia,32,1,0,0
1134,Croatia,34,1,0,0
2447,Croatia,35,1,0,0
1654,Croatia,38,1,0,0
2448,Croatia,38,1,0,0
1240,Croatia,39,1,0,0
2304,Croatia,39,1,0,0
1049,Croatia,43,1,0,0
1130,Croatia,45,1,0,0
1050,Croatia,47,1,0,0
2457,Croatia,48,1,0,0
1135,Croatia,52,1,0,0
2556,Croatia,56,1,0,0
1123,Croatia,57,1,0,0
1051,Croatia,58,1,0,0
2306,Croatia,58,1,0,0
910,Croatia,59,1,0,0
1174,Croatia,59,0,0,1
1655,Croatia,61,1,0,0
2051,Croatia,65,1,0,0
1491,Croatia,67,1,0,0
2307,Croatia,67,1,0,0
1136,Croatia,69,1,0,0
1568,Croatia,69,1,0,0
2052,Croatia,69,1,0,0
974,Croatia,70,1,0,0
1092,Croatia,70,1,0,0
1656,Croatia,70,1,0,0
1330,Croatia,72,1,0,0
1137,Croatia,74,1,0,0
1132,Croatia,75,1,0,0
2368,Croatia,83,1,0,0
1658,Croatia,85,1,1,0
2557,Croatia,85,1,0,0
1133,Croatia,88,1,0,0
2108,Croatia,89,1,0,0
2149,Croatia,89,0,0,1
2260,Croatia,89,1,0,0
1332,Croatia,90,1,0,0
1492,Croatia,90,1,0,0
1660,Croatia,90,1,1,0
2310,Croatia,90,1,0,0
2465,Croatia,90,1,0,0
2640,Croatia,90,1,0,0
2459,Croatia,96,1,0,0
2449,Croatia,101,1,0,0
2451,Croatia,114,1,0,0
2641,Croatia,116,1,0,0
2651,Croatia,117,1,0,0
1465,Czech Republic,16,1,0,0
1646,Czech Republic,35,1,0,0
1647,Czech Republic,45,1,1,0
1553,Czech Republic,49,1,0,0
1466,Czech Republic,59,1,0,0
1554,Czech Republic,65,0,0,1
1468,Czech Republic,81,1,0,0
1469,Czech Republic,88,1,0,0
600,Czechoslovakia,11,1,0,0
601,Czechoslovakia,14,1,0,0
533,Czechoslovakia,26,1,0,0
454,Czechoslovakia,30,1,0,0
534,Czechoslovakia,30,1,0,0
603,Czechoslovakia,38,1,0,0
217,Czechoslovakia,40,1,0,0
485,Czechoslovakia,52,1,0,0
560,Czechoslovakia,53,1,0,0
561,Czechoslovakia,56,1,0,0
458,Czechoslovakia,61,1,0,0
486,Czechoslovakia,62,1,0,0
562,Czechoslovakia,68,1,0,0
604,Czechoslovakia,70,1,1,0
239,Czechoslovakia,75,1,0,0
28,Czechoslovakia,78,1,0,0
8,Czechoslovakia,82,1,0,0
240,Czechoslovakia,87,0,0,1
605,Czechoslovakia,88,1,0,0
357,Denmark,7,1,0,0
1209,Denmark,7,1,0,0
886,Denmark,12,1,0,0
1107,Denmark,19,1,0,0
1211,Denmark,20,1,0,0
2539,Denmark,20,1,0,0
945,Denmark,23,1,0,0
2540,Denmark,23,1,0,0
1078,Denmark,24,1,0,0
1366,Denmark,24,1,0,0
2489,Denmark,24,1,0,0
411,Denmark,26,1,0,0
1275,Denmark,27,1,0,0
1957,Denmark,29,1,0,0
1152,Denmark,34,1,0,0
379,Denmark,36,1,0,0
2298,Denmark,37,1,0,0
1109,Denmark,39,1,0,0
2364,Denmark,45,1,0,0
1958,Denmark,48,1,0,0
1153,Denmark,51,1,0,0
947,Denmark,56,1,0,0
948,Denmark,57,1,0,0
887,Denmark,60,1,0,0
1819,Denmark,63,1,0,0
1017,Denmark,65,1,0,0
951,Denmark,66,0,0,1
1959,Denmark,66,1,0,0
1276,Denmark,71,1,0,0
1110,Denmark,72,1,0,0
888,Denmark,73,1,0,0
2586,Denmark,75,1,0,0
1018,Denmark,78,1,0,0
2490,Denmark,78,1,0,0
1214,Denmark,82,1,0,0
319,Denmark,84,1,0,0
1215,Denmark,84,1,0,0
2299,Denmark,84,1,0,0
954,Denmark,85,0,0,1
1881,Denmark,86,1,0,0
2256,Denmark,86,1,0,0
1882,Denmark,87,1,0,0
382,Denmark,88,1,1,0
2257,Denmark,90,1,0,0
2416,Denmark,115,1,0,0
116,East Germany,11,1,0,0
128,East Germany,23,1,0,0
97,East Germany,27,1,0,0
58,East Germany,32,1,0,0
59,East Germany,58,1,0,0
60,East Germany,61,1,0,0
72,East Germany,65,1,0,0
98,East Germany,81,1,0,0
99,East Germany,84,1,0,0
120,East Germany,84,1,0,0
1181,Ecuador,14,1,0,0
1244,Ecuador,15,1,0,0
1702,Ecuador,24,1,0,0
1245,Ecuador,27,1,0,0
2468,Ecuador,29,1,0,0
1428,Ecuador,31,1,0,0
1703,Ecuador,37,1,0,0
1509,Ecuador,44,1,0,0
1182,Ecuador,49,1,0,0
1246,Ecuador,49,1,0,0
2168,Ecuador,50,0,0,1
1607,Ecuador,52,1,0,0
2076,Ecuador,53,1,0,0
1183,Ecuador,54,1,0,0
1510,Ecuador,54,1,0,0
2470,Ecuador,56,1,0,0
2123,Ecuador,57,1,0,0
2530,Ecuador,57,1,0,0
1511,Ecuador,60,1,0,0
1247,Ecuador,61,1,0,0
1704,Ecuador,67,1,0,0
1430,Ecuador,70,1,0,0
2124,Ecuador,73,1,0,0
2125,Ecuador,80,1,0,0
2169,Ecuador,83,1,0,0
1331,Ecuador,86,1,0,0
1249,Ecuador,87,1,0,0
549,Egypt,38,1,0,0
2340,Egypt,45,1,0,0
550,Egypt,47,1,0,0
466,Egypt,55,1,0,0
2292,Egypt,57,1,0,0
499,Egypt,72,1,0,0
2341,Egypt,86,1,0,0
2243,Egypt,90,1,0,0
2244,Egypt,90,1,0,0
9,El Salvador,13,1,0,0
213,El Salvador,17,1,0,0
232,El Salvador,20,1,0,0
233,El Salvador,26,1,0,0
10,El Salvador,33,1,0,0
11,El Salvador,45,1,0,0
236,El Salvador,45,1,0,0
12,El Salvador,57,1,0,0
214,El Salvador,74,1,0,0
1094,England,5,1,0,0
425,England,9,1,0,0
36,England,10,1,0,0
1095,England,10,1,0,0
1168,England,12,1,0,0
281,England,15,1,0,0
312,England,17,1,0,0
1701,England,18,1,0,0
1431,England,19,1,0,0
1057,England,22,1,0,0
2330,England,24,1,0,0
1794,England,26,1,0,0
1232,England,29,1,0,0
16,England,30,1,0,0
1753,England,30,1,0,0
2284,England,33,1,0,0
203,England,34,1,0,0
408,England,37,1,0,0
333,England,40,1,0,0
334,England,42,0,0,1
246,England,43,1,0,0
1098,England,47,0,0,1
1923,England,48,1,0,0
1233,England,50,1,0,0
1367,England,50,1,0,0
374,England,52,1,0,0
2460,England,52,1,0,0
2150,England,53,1,0,0
2458,England,54,1,0,0
2431,England,56,1,0,0
2151,England,57,1,0,0
1871,England,58,1,0,0
1797,England,60,1,0,0
1798,England,61,1,0,0
1755,England,62,0,0,1
1433,England,63,1,0,0
1517,England,64,1,0,0
617,England,66,1,0,0
410,England,67,1,0,0
2112,England,68,1,0,0
336,England,69,1,0,0
2434,England,69,1,0,0
607,England,70,1,0,0
464,England,75,1,0,0
1400,England,75,1,0,0
1613,England,76,1,0,0
2461,England,76,1,0,0
313,England,78,1,0,0
1705,England,78,1,0,0
1985,England,81,1,0,0
1706,England,82,1,0,0
551,England,85,1,0,0
591,England,85,1,0,0
1401,England,86,1,0,0
2445,England,87,1,0,0
915,England,88,1,0,0
1060,England,89,1,0,0
2071,England,90,1,0,0
2675,England,90,1,0,0
618,England,99,1,0,0
1756,England,107,1,0,0
2078,France,7,1,0,0
1274,France,8,1,0,0
1776,France,12,1,0,0
1784,France,12,1,0,0
2300,France,16,1,0,0
1785,France,19,1,0,0
1219,France,25,0,0,1
1911,France,25,0,0,1
2463,France,27,1,0,0
889,France,28,1,0,0
2079,France,28,1,0,0
1686,France,30,1,0,0
2636,France,32,1,0,0
2436,France,33,1,0,0
286,France,35,1,0,0
957,France,36,1,0,0
1141,France,39,1,0,0
287,France,40,1,0,0
325,France,40,1,0,0
404,France,40,1,0,0
361,France,41,1,0,0
2464,France,41,1,0,0
326,France,43,1,0,0
2541,France,43,1,0,0
2672,France,43,1,0,0
1145,France,45,1,0,0
1220,France,45,1,0,0
1852,France,45,1,0,0
2082,France,45,1,0,0
2673,France,46,1,0,0
238,France,47,1,0,0
1142,France,48,1,0,0
958,France,50,1,0,0
891,France,53,1,0,0
1015,France,53,1,0,0
1103,France,53,1,0,0
2203,France,54,1,0,0
2684,France,55,1,0,0
1143,France,56,1,0,0
272,France,57,1,0,0
145,France,60,1,0,0
1016,France,62,1,0,0
1104,France,62,1,0,0
1484,France,64,1,0,0
224,France,68,1,0,0
1144,France,68,1,1,0
1739,France,68,1,0,0
1788,France,68,1,0,0
362,France,69,1,0,0
2439,France,69,1,0,0
959,France,71,0,0,1
1912,France,71,1,0,0
1485,France,72,1,0,0
2408,France,72,1,0,0
2409,France,73,1,0,0
1131,France,74,0,0,1
1761,France,74,1,0,0
892,France,75,1,0,0
1777,France,76,1,0,0
2253,France,76,1,0,0
1855,France,78,1,0,0
291,France,79,1,0,0
1577,France,79,1,0,0
146,France,81,1,0,0
2674,France,82,1,0,0
1578,France,85,1,0,0
2303,France,86,1,0,0
1741,France,87,1,0,0
1763,France,87,1,0,0
1769,France,87,1,0,0
2454,France,87,1,0,0
2685,France,87,1,0,0
159,France,88,1,0,0
1764,France,88,1,0,0
2120,France,88,1,0,0
432,France,89,1,0,0
1487,France,90,1,0,0
1742,France,90,1,0,0
2410,France,90,1,0,0
2455,France,90,1,0,0
2686,France,90,1,0,0
1778,France,110,0,0,1
1779,France,111,1,0,0
1743,Germany,3,1,0,0
2032,Germany,5,1,0,0
626,Germany,6,1,0,0
1770,Germany,7,1,0,0
2033,Germany,7,1,0,0
1290,Germany,9,1,0,0
1426,Germany,9,1,0,0
2174,Germany,11,1,0,0
1811,Germany,12,1,0,0
1857,Germany,12,1,0,0
784,Germany,13,1,0,0
840,Germany,14,1,0,0
841,Germany,15,1,0,0
1120,Germany,18,1,0,0
1860,Germany,22,1,0,0
740,Germany,24,1,0,0
1690,Germany,27,1,0,0
741,Germany,28,1,0,0
1291,Germany,29,1,0,0
2237,Germany,29,1,0,0
920,Germany,30,1,0,0
1040,Germany,31,1,0,0
1292,Germany,31,1,0,0
1861,Germany,32,1,0,0
2238,Germany,34,1,0,0
1361,Germany,35,1,0,0
2019,Germany,35,1,0,0
785,Germany,37,1,0,0
1121,Germany,37,1,0,0
1293,Germany,37,1,0,0
1862,Germany,37,1,1,0
2559,Germany,37,1,0,0
1122,Germany,40,0,0,1
1294,Germany,40,1,1,0
1765,Germany,40,1,0,0
1296,Germany,42,1,0,0
1154,Germany,43,1,0,0
1938,Germany,43,1,0,0
742,Germany,44,1,0,0
1041,Germany,45,1,0,0
1080,Germany,45,1,0,0
1984,Germany,47,1,0,0
843,Germany,49,1,0,0
844,Germany,50,1,0,0
629,Germany,54,1,0,0
2213,Germany,54,1,0,0
1081,Germany,56,1,0,0
1766,Germany,56,1,0,0
1502,Germany,58,1,0,0
2561,Germany,58,1,0,0
2562,Germany,60,1,0,0
1404,Germany,66,1,0,0
1405,Germany,68,1,0,0
1503,Germany,68,1,0,0
672,Germany,70,1,0,0
1504,Germany,70,1,0,0
1363,Germany,71,1,0,0
1416,Germany,71,1,0,0
2326,Germany,71,1,0,0
1301,Germany,72,1,0,0
1865,Germany,73,1,0,0
1302,Germany,74,1,0,0
983,Germany,75,1,0,0
1608,Germany,75,1,0,0
922,Germany,77,1,0,0
1083,Germany,77,1,0,0
1774,Germany,78,1,0,0
2214,Germany,80,1,0,0
2327,Germany,82,1,1,0
1155,Germany,83,1,0,0
2266,Germany,83,1,0,0
923,Germany,84,1,0,0
2267,Germany,84,1,0,0
1417,Germany,85,1,0,0
1085,Germany,88,1,0,0
847,Germany,89,1,0,0
1364,Germany,90,1,0,0
1816,Germany,90,1,0,0
2035,Germany,90,1,0,0
1747,Germany,94,1,0,0
2205,Germany,107,1,0,0
1749,Germany,114,1,0,0
1648,Ghana,5,1,0,0
1731,Ghana,7,1,0,0
1732,Ghana,11,1,0,0
1551,Ghana,18,1,0,0
2566,Ghana,21,1,0,0
1806,Ghana,26,1,0,0
1734,Ghana,29,1,0,0
2090,Ghana,30,1,0,0
1650,Ghana,32,1,0,0
1552,Ghana,37,1,0,0
1735,Ghana,38,1,0,0
2170,Ghana,39,1,0,0
1875,Ghana,40,1,0,0
1937,Ghana,40,1,0,0
1471,Ghana,41,1,0,0
2511,Ghana,45,1,0,0
1737,Ghana,48,1,0,0
2512,Ghana,49,1,0,0
2013,Ghana,54,1,0,0
2171,Ghana,55,1,0,0
2513,Ghana,57,1,0,0
1981,Ghana,61,1,0,0
1473,Ghana,65,1,0,0
1555,Ghana,66,1,0,0
2568,Ghana,73,1,0,0
1556,Ghana,75,1,0,0
2015,Ghana,77,1,0,0
2172,Ghana,78,1,0,0
1876,Ghana,79,1,0,0
1651,Ghana,81,1,0,0
1738,Ghana,81,1,1,0
1557,Ghana,84,1,0,0
1877,Ghana,84,1,0,0
2608,Ghana,86,1,0,0
1810,Ghana,89,1,0,0
1558,Ghana,90,1,0,0
1652,Ghana,90,1,0,0
1983,Ghana,90,1,0,0
2091,Ghana,90,1,0,0
2128,Ghana,90,1,0,0
2515,Ghana,90,1,0,0
2610,Ghana,90,1,0,0
2016,Ghana,93,1,0,0
721,Greece,6,1,0,0
1846,Greece,15,1,0,0
666,Greece,25,1,0,0
2114,Greece,27,1,0,0
1916,Greece,30,1,0,0
780,Greece,32,1,0,0
2196,Greece,36,1,0,0
2115,Greece,38,1,1,0
781,Greece,41,1,0,0
725,Greece,42,1,0,0
2065,Greece,52,1,0,0
668,Greece,55,1,0,0
2066,Greece,55,1,0,0
2116,Greece,55,1,0,0
1791,Greece,56,1,0,0
726,Greece,59,1,0,0
1848,Greece,59,1,0,0
727,Greece,70,1,0,0
2201,Greece,72,1,0,0
1849,Greece,88,1,0,0
2117,Greece,89,1,0,0
67,Haiti,65,1,0,0
87,Haiti,71,1,0,0
108,Haiti,85,1,0,0
1971,Honduras,4,1,0,0
2121,Honduras,7,1,0,0
1909,Honduras,8,1,0,0
2080,Honduras,28,1,0,0
1833,Honduras,33,1,0,0
1910,Honduras,38,1,0,0
2081,Honduras,43,1,1,0
2122,Honduras,45,1,0,0
2083,Honduras,53,1,0,0
1973,Honduras,58,1,0,0
1974,Honduras,64,1,0,0
2167,Honduras,66,1,0,0
2084,Honduras,83,1,0,0
242,Honduras,85,1,0,0
243,Honduras,89,0,0,1
1975,Honduras,89,1,0,0
147,Hungary,21,1,0,0
155,Hungary,26,1,0,0
199,Hungary,32,1,0,0
148,Hungary,48,1,0,0
156,Hungary,64,1,0,0
200,Hungary,74,1,0,0
150,Hungary,88,0,0,1
151,Hungary,89,0,0,1
2366,Iceland,59,1,0,0
2367,Iceland,64,1,0,0
2369,Iceland,84,1,0,0
988,Iran,8,1,0,0
2245,Iran,10,1,0,0
1544,Iran,20,1,0,0
2472,Iran,25,1,0,0
1545,Iran,32,1,0,0
1617,Iran,37,1,0,0
1042,Iran,47,1,0,0
2247,Iran,47,1,0,0
2473,Iran,48,1,0,0
2353,Iran,52,1,0,0
2126,Iran,53,1,0,0
2354,Iran,54,1,0,0
1450,Iran,55,1,0,0
1619,Iran,55,1,0,0
1549,Iran,73,1,0,0
2127,Iran,73,1,0,0
2089,Iran,75,1,0,0
990,Iran,77,1,0,0
2580,Iran,77,1,0,0
2296,Iran,79,1,0,0
1550,Iran,88,1,0,0
2164,Iran,88,1,0,0
1621,Iran,90,1,0,0
2248,Iran,90,1,0,0
2297,Iran,90,1,0,0
2522,Iran,90,1,0,0
2523,Iran,90,1,0,0
2581,Iran,90,1,0,0
348,Iraq,20,1,0,0
315,Iraq,29,1,0,0
349,Iraq,29,1,0,0
370,Iraq,30,1,0,0
350,Iraq,42,1,0,0
351,Iraq,48,1,0,0
352,Iraq,52,1,0,1
353,Iraq,65,1,0,0
371,Iraq,73,1,0,0
13,Israel,38,1,0,0
25,Israel,62,1,0,0
26,Israel,67,1,0,0
15,Israel,89,1,0,0
195,Italy,2,1,0,0
1390,Italy,4,1,0,0
1334,Italy,5,1,0,0
1559,Italy,5,1,0,0
1775,Italy,5,1,0,0
816,Italy,6,1,0,0
873,Italy,8,1,0,0
1335,Italy,10,1,0,0
1470,Italy,10,1,0,0
279,Italy,13,1,0,0
254,Italy,15,1,0,0
403,Italy,16,1,0,0
681,Italy,21,0,0,1
610,Italy,22,1,0,0
1392,Italy,22,1,0,0
2153,Italy,22,1,0,0
940,Italy,26,1,0,0
1101,Italy,26,1,0,0
50,Italy,27,1,0,0
1102,Italy,28,1,0,0
1561,Italy,28,0,0,1
817,Italy,29,1,0,0
1724,Italy,29,1,0,0
292,Italy,31,1,0,0
365,Italy,31,1,0,0
874,Italy,31,1,0,0
1645,Italy,31,1,0,0
1943,Italy,31,1,0,0
745,Italy,33,1,0,0
683,Italy,34,1,0,0
144,Italy,35,1,0,0
230,Italy,36,1,0,0
584,Italy,36,1,0,0
598,Italy,36,1,0,0
42,Italy,38,1,0,0
1064,Italy,38,1,0,0
181,Italy,40,1,0,0
866,Italy,41,1,0,0
867,Italy,42,1,0,0
258,Italy,43,1,0,0
1336,Italy,43,1,0,0
535,Italy,44,1,0,0
197,Italy,47,1,0,0
85,Italy,48,1,0,0
297,Italy,48,1,0,0
1726,Italy,50,0,0,1
1241,Italy,51,1,0,0
208,Italy,52,1,0,0
320,Italy,54,1,0,0
1337,Italy,55,1,0,0
1393,Italy,55,1,0,0
285,Italy,57,1,0,0
1338,Italy,57,1,0,0
1394,Italy,59,1,0,0
2155,Italy,59,0,0,1
164,Italy,60,1,0,0
821,Italy,60,1,0,0
855,Italy,61,1,0,0
822,Italy,62,1,0,0
1472,Italy,62,1,0,0
942,Italy,63,1,0,0
299,Italy,64,1,0,0
183,Italy,65,1,0,0
367,Italy,65,1,0,0
29,Italy,67,1,0,0
405,Italy,67,1,0,0
1946,Italy,67,1,0,0
483,Italy,69,1,0,0
2118,Italy,69,1,0,0
184,Italy,70,1,0,0
368,Italy,70,1,0,0
536,Italy,70,1,0,0
1564,Italy,70,1,0,0
1823,Italy,70,1,0,0
110,Italy,71,1,0,0
187,Italy,72,1,0,0
45,Italy,73,1,0,0
294,Italy,73,1,0,0
823,Italy,75,0,0,1
1947,Italy,76,1,0,0
2156,Italy,77,1,0,0
280,Italy,78,1,0,0
824,Italy,80,1,0,0
857,Italy,80,1,0,0
1184,Italy,81,1,0,0
1949,Italy,83,1,0,0
1067,Italy,84,1,0,0
1008,Italy,87,1,0,0
1474,Italy,88,1,0,0
1068,Italy,89,1,0,0
1728,Italy,89,1,0,0
27,Italy,90,1,0,0
1729,Italy,90,1,0,0
1767,Italy,90,1,0,0
46,Italy,103,1,0,0
1397,Italy,103,1,1,0
1105,Italy,113,1,0,0
47,Italy,114,1,0,0
1827,Ivory Coast,7,1,0,0
1828,Ivory Coast,21,1,0,0
1531,Ivory Coast,25,1,0,0
1890,Ivory Coast,31,1,0,0
1632,Ivory Coast,33,1,0,0
2160,Ivory Coast,37,1,0,0
1534,Ivory Coast,41,1,0,0
1635,Ivory Coast,41,1,0,0
1636,Ivory Coast,43,1,0,0
2073,Ivory Coast,54,1,0,0
2109,Ivory Coast,55,1,0,0
2074,Ivory Coast,58,1,0,0
1440,Ivory Coast,62,1,0,0
2161,Ivory Coast,62,1,0,0
1536,Ivory Coast,66,1,0,0
2162,Ivory Coast,70,1,0,0
1891,Ivory Coast,75,1,0,0
1893,Ivory Coast,86,1,0,0
1442,Ivory Coast,90,1,0,0
1639,Ivory Coast,90,1,1,0
2110,Ivory Coast,90,1,0,0
984,Jamaica,4,1,0,0
985,Jamaica,45,1,1,0
911,Jamaica,62,1,0,0
1054,Jamaica,78,1,0,0
987,Jamaica,88,1,0,0
1055,Jamaica,88,1,0,0
1053,Japan,4,1,0,0
1955,Japan,12,1,0,0
2113,Japan,12,1,0,0
1256,Japan,15,1,0,0
2158,Japan,16,1,0,0
1565,Japan,21,1,0,0
2072,Japan,23,1,0,0
904,Japan,26,1,0,0
1956,Japan,26,1,0,0
1193,Japan,31,1,0,0
1457,Japan,31,1,0,0
2603,Japan,39,1,0,0
1459,Japan,40,1,0,0
1661,Japan,40,1,0,0
2423,Japan,40,1,0,0
972,Japan,41,1,0,0
1258,Japan,42,1,0,0
1567,Japan,42,1,0,0
2548,Japan,44,1,0,0
2604,Japan,44,1,0,0
1388,Japan,45,1,0,0
2605,Japan,45,1,0,0
1194,Japan,54,1,0,0
1997,Japan,58,1,0,0
2075,Japan,64,1,0,0
2393,Japan,66,1,0,0
905,Japan,67,1,0,0
1461,Japan,68,1,0,0
2334,Japan,68,1,0,0
973,Japan,70,1,0,0
1569,Japan,72,1,0,0
1998,Japan,72,1,0,0
2551,Japan,84,1,0,0
975,Japan,89,1,0,0
906,Japan,90,1,0,0
1260,Japan,90,1,0,0
1821,Japan,90,1,0,0
1999,Japan,90,1,0,0
2288,Japan,90,1,0,0
2337,Japan,90,1,0,0
2552,Japan,90,1,0,0
2000,Japan,113,1,0,0
223,Kuwait,30,1,0,0
247,Kuwait,44,1,0,0
225,Kuwait,85,1,0,0
2379,Mexico,1,1,0,0
1333,Mexico,2,1,0,0
1851,Mexico,4,1,0,0
826,Mexico,14,1,0,0
2590,Mexico,16,1,0,0
1033,Mexico,18,1,0,0
1449,Mexico,18,1,0,0
1780,Mexico,18,1,0,0
21,Mexico,19,1,0,0
415,Mexico,20,1,0,0
1622,Mexico,22,1,0,0
2542,Mexico,22,1,0,0
305,Mexico,23,1,0,0
744,Mexico,25,1,0,0
339,Mexico,26,1,0,0
898,Mexico,26,1,0,0
417,Mexico,27,1,0,0
899,Mexico,27,1,0,0
1624,Mexico,27,1,0,0
828,Mexico,28,1,0,0
976,Mexico,28,0,0,1
1986,Mexico,28,1,0,0
22,Mexico,29,1,0,0
2492,Mexico,29,1,0,0
1374,Mexico,37,1,0,0
2417,Mexico,38,1,0,0
977,Mexico,39,1,0,0
2147,Mexico,39,1,0,0
2265,Mexico,40,1,0,0
158,Mexico,44,1,0,0
693,Mexico,45,1,0,0
1036,Mexico,46,1,0,0
978,Mexico,47,1,0,0
1853,Mexico,48,1,0,0
1854,Mexico,49,1,0,0
2544,Mexico,50,1,0,0
2419,Mexico,55,1,0,0
2493,Mexico,56,1,0,0
694,Mexico,57,1,0,0
831,Mexico,57,1,1,0
1082,Mexico,57,1,0,0
1782,Mexico,57,1,0,0
2054,Mexico,57,1,0,0
1037,Mexico,58,1,0,0
1541,Mexico,59,1,0,0
2095,Mexico,59,1,0,0
3,Mexico,60,1,0,0
1625,Mexico,61,1,1,0
2381,Mexico,61,1,0,0
655,Mexico,62,1,0,0
2096,Mexico,62,1,0,0
746,Mexico,63,1,0,0
1248,Mexico,65,1,0,0
1626,Mexico,65,1,0,0
747,Mexico,66,1,0,0
2148,Mexico,66,1,0,0
2545,Mexico,66,1,0,0
1378,Mexico,67,1,0,0
1038,Mexico,68,1,0,0
2193,Mexico,69,1,0,0
833,Mexico,70,1,0,0
1379,Mexico,70,1,0,0
1696,Mexico,70,1,0,0
341,Mexico,75,1,0,0
420,Mexico,75,1,0,0
834,Mexico,76,1,0,0
1914,Mexico,77,1,0,0
2421,Mexico,77,1,0,0
342,Mexico,80,1,0,0
1380,Mexico,81,1,0,0
1697,Mexico,82,1,0,0
1856,Mexico,82,1,0,0
307,Mexico,83,1,0,0
421,Mexico,83,1,0,0
1339,Mexico,84,1,0,0
1382,Mexico,84,1,0,0
1915,Mexico,86,1,0,0
2382,Mexico,86,1,0,0
1084,Mexico,87,1,0,0
1628,Mexico,87,1,0,0
1383,Mexico,88,0,0,1
1039,Mexico,89,0,0,1
2546,Mexico,89,1,0,0
1451,Mexico,90,1,0,0
2194,Mexico,90,1,0,0
2195,Mexico,90,1,0,0
2268,Mexico,90,1,0,0
2422,Mexico,90,1,0,0
423,Mexico,94,1,0,0
424,Mexico,100,1,1,0
1699,Mexico,118,1,0,0
1700,Mexico,119,1,0,0
764,Morocco,12,1,0,0
765,Morocco,14,1,0,0
2346,Morocco,21,1,0,0
648,Morocco,23,1,0,0
766,Morocco,25,1,0,0
649,Morocco,26,1,0,0
2680,Morocco,27,1,0,0
767,Morocco,28,1,0,0
406,Morocco,29,1,0,0
2347,Morocco,29,1,0,0
2348,Morocco,31,1,0,0
2349,Morocco,31,1,0,0
929,Morocco,32,1,0,0
304,Morocco,33,1,0,0
712,Morocco,34,1,0,0
2246,Morocco,34,1,0,0
2294,Morocco,40,1,0,0
768,Morocco,41,1,0,0
335,Morocco,50,1,0,0
931,Morocco,64,1,0,0
407,Morocco,65,1,0,0
2681,Morocco,69,1,0,0
2668,Morocco,70,1,0,0
337,Morocco,76,1,0,0
2498,Morocco,78,1,0,0
872,Morocco,79,1,0,0
1014,Morocco,81,1,0,0
716,Morocco,83,1,0,0
2682,Morocco,84,1,0,0
2350,Morocco,88,1,0,0
652,Morocco,89,1,0,0
2351,Morocco,90,1,0,0
2554,Morocco,90,1,0,0
2644,Morocco,90,1,0,0
2670,Morocco,90,1,0,0
2671,Morocco,90,1,1,0
1707,Netherlands,2,1,0,0
100,Netherlands,5,1,0,0
173,Netherlands,6,1,0,0
1708,Netherlands,7,1,0,0
2233,Netherlands,9,1,0,0
1112,Netherlands,10,1,0,0
2005,Netherlands,14,1,0,0
188,Netherlands,15,1,0,0
2036,Netherlands,15,1,0,0
1113,Netherlands,17,1,0,0
1950,Netherlands,17,1,0,0
706,Netherlands,19,1,0,0
571,Netherlands,21,1,0,0
1034,Netherlands,21,1,0,0
101,Netherlands,22,1,0,0
121,Netherlands,22,1,0,0
573,Netherlands,22,0,0,1
2038,Netherlands,22,1,0,0
141,Netherlands,23,1,0,0
161,Netherlands,25,1,0,0
2056,Netherlands,25,1,0,0
1640,Netherlands,28,1,0,0
2040,Netherlands,28,1,0,0
102,Netherlands,29,1,0,0
130,Netherlands,29,1,0,0
2029,Netherlands,29,1,0,0
1987,Netherlands,31,1,0,0
574,Netherlands,32,1,0,0
1532,Netherlands,34,1,0,0
180,Netherlands,35,1,0,0
1533,Netherlands,35,1,0,0
663,Netherlands,36,1,0,0
1873,Netherlands,36,1,0,0
2234,Netherlands,36,1,0,0
708,Netherlands,39,1,0,0
142,Netherlands,40,1,0,0
837,Netherlands,40,1,0,0
2057,Netherlands,41,1,0,0
1641,Netherlands,42,1,0,0
552,Netherlands,43,1,0,0
2652,Netherlands,43,1,0,0
1817,Netherlands,44,1,0,0
143,Netherlands,45,1,0,0
2229,Netherlands,45,1,0,0
2655,Netherlands,45,1,0,0
1035,Netherlands,46,1,0,0
2007,Netherlands,47,1,0,0
2103,Netherlands,47,1,0,0
1126,Netherlands,48,1,0,0
1642,Netherlands,48,1,0,0
709,Netherlands,49,1,0,0
1818,Netherlands,49,1,0,0
182,Netherlands,50,1,0,0
2578,Netherlands,52,1,0,0
2041,Netherlands,54,1,0,0
1444,Netherlands,56,1,0,0
2474,Netherlands,56,1,0,0
2042,Netherlands,57,1,0,0
123,Netherlands,58,1,0,0
467,Netherlands,58,1,0,0
1535,Netherlands,58,1,0,0
1713,Netherlands,59,1,0,0
1127,Netherlands,60,1,0,0
2632,Netherlands,60,1,0,0
1715,Netherlands,63,1,1,0
2008,Netherlands,64,1,0,0
2142,Netherlands,64,1,0,0
2224,Netherlands,64,1,0,0
1952,Netherlands,65,1,0,0
2059,Netherlands,66,1,0,0
134,Netherlands,69,1,0,0
1953,Netherlands,70,1,0,0
82,Netherlands,72,1,0,0
575,Netherlands,72,1,0,0
806,Netherlands,72,1,0,0
1717,Netherlands,73,1,0,0
1718,Netherlands,74,1,0,0
665,Netherlands,75,1,0,0
769,Netherlands,75,1,0,0
1116,Netherlands,76,1,1,0
2010,Netherlands,76,1,0,0
2656,Netherlands,76,1,0,0
2030,Netherlands,78,1,0,0
770,Netherlands,79,1,0,0
903,Netherlands,80,0,0,1
710,Netherlands,81,1,0,0
2044,Netherlands,84,1,0,0
1447,Netherlands,85,1,0,0
175,Netherlands,87,1,0,0
2633,Netherlands,87,1,0,0
176,Netherlands,88,0,0,1
711,Netherlands,88,1,0,0
2658,Netherlands,88,1,0,0
839,Netherlands,89,1,0,0
1138,Netherlands,89,1,0,0
1139,Netherlands,89,1,0,0
1128,Netherlands,90,1,0,0
1537,Netherlands,90,1,0,0
1722,Netherlands,90,1,1,0
1991,Netherlands,90,1,0,0
2031,Netherlands,90,1,0,0
2662,Netherlands,91,1,0,0
191,Netherlands,94,1,0,0
192,Netherlands,96,1,0,0
2231,Netherlands,105,1,0,0
2045,Netherlands,109,1,1,0
2046,Netherlands,111,1,0,0
2227,Netherlands,111,1,0,0
2047,Netherlands,117,1,0,0
1129,Netherlands,119,1,0,0
2665,Netherlands,120,1,0,0
2666,Netherlands,120,1,1,0
2667,Netherlands,120,1,0,0
1887,New Zealand,14,1,0,0
1888,New Zealand,28,1,0,0
1824,New Zealand,42,1,0,0
1941,New Zealand,56,1,0,0
1889,New Zealand,87,1,0,0
1826,New Zealand,90,1,0,0
815,Nigeria,2,1,0,0
718,Nigeria,20,1,0,0
961,Nigeria,20,1,0,0
1022,Nigeria,25,1,0,0
1918,Nigeria,31,1,0,0
2370,Nigeria,32,1,0,0
1847,Nigeria,33,0,0,1
1919,Nigeria,37,1,0,0
1023,Nigeria,38,1,0,0
818,Nigeria,41,1,0,0
1920,Nigeria,42,1,0,0
962,Nigeria,44,1,0,0
2314,Nigeria,44,1,0,0
963,Nigeria,49,1,0,0
1079,Nigeria,49,1,0,0
2165,Nigeria,49,1,0,0
2166,Nigeria,51,1,0,0
719,Nigeria,53,1,0,0
819,Nigeria,53,1,0,0
820,Nigeria,58,1,0,0
895,Nigeria,62,1,0,0
782,Nigeria,66,1,0,0
783,Nigeria,70,1,0,0
965,Nigeria,70,1,0,0
2259,Nigeria,70,1,0,0
674,Nigeria,73,1,0,0
1158,Nigeria,73,1,0,0
1793,Nigeria,77,1,0,0
1226,Nigeria,80,1,0,0
2130,Nigeria,81,1,0,0
1850,Nigeria,89,1,0,0
2373,Nigeria,90,1,0,0
1895,North Korea,32,1,0,0
1897,North Korea,47,1,0,0
378,Northern Ireland,12,1,0,0
249,Northern Ireland,41,1,0,0
250,Northern Ireland,42,1,0,0
309,Northern Ireland,58,1,0,0
273,Northern Ireland,59,1,0,0
251,Northern Ireland,60,0,0,1
207,Northern Ireland,62,1,0,0
310,Northern Ireland,78,1,0,0
311,Northern Ireland,79,1,0,0
344,Northern Ireland,85,1,0,0
653,Norway,16,1,0,0
654,Norway,26,1,0,0
682,Norway,32,1,0,0
1063,Norway,35,1,0,0
750,Norway,36,1,0,0
751,Norway,45,1,0,0
926,Norway,53,1,0,0
1010,Norway,54,1,0,0
1065,Norway,54,1,0,0
928,Norway,58,1,0,0
1011,Norway,61,1,0,0
1066,Norway,62,1,0,0
684,Norway,68,1,0,0
2329,Panama,10,1,0,0
2277,Panama,18,1,0,0
2331,Panama,44,1,0,0
2278,Panama,45,1,0,0
2279,Panama,49,1,0,0
2280,Panama,51,1,0,0
2281,Panama,57,1,0,0
2332,Panama,72,1,0,0
2400,Panama,78,1,0,0
2401,Panama,80,1,0,0
2403,Panama,90,1,0,0
1518,Paraguay,3,1,0,0
1312,Paraguay,4,1,0,0
338,Paraguay,5,1,0,0
1939,Paraguay,10,1,0,0
1073,Paraguay,19,1,0,0
1314,Paraguay,22,1,1,0
1432,Paraguay,22,1,0,0
1074,Paraguay,23,1,0,0
1360,Paraguay,26,1,0,0
340,Paraguay,30,1,0,0
968,Paraguay,30,1,0,0
1609,Paraguay,30,1,0,0
1075,Paraguay,32,1,0,0
1162,Paraguay,35,1,0,0
1940,Paraguay,41,1,0,0
1228,Paraguay,44,1,0,0
316,Paraguay,45,1,0,0
881,Paraguay,45,1,0,0
1884,Paraguay,45,1,0,0
1362,Paraguay,50,1,0,0
1521,Paraguay,51,1,0,0
1522,Paraguay,54,1,0,0
1612,Paraguay,54,1,0,0
372,Paraguay,55,1,0,0
2022,Paraguay,59,1,0,0
2023,Paraguay,59,1,0,0
409,Paraguay,60,1,0,0
1229,Paraguay,60,1,0,0
1822,Paraguay,62,1,0,0
1165,Paraguay,65,1,0,0
2025,Paraguay,71,1,0,0
1524,Paraguay,74,1,0,0
969,Paraguay,76,1,0,0
1230,Paraguay,80,1,0,0
1076,Paraguay,84,1,0,0
1525,Paraguay,85,1,0,0
2026,Paraguay,88,1,0,0
1166,Paraguay,90,1,0,0
1167,Paraguay,90,1,0,0
1365,Paraguay,90,0,0,1
1077,Paraguay,99,1,0,0
2001,Paraguay,118,1,0,0
169,Peru,7,1,0,0
154,Peru,19,1,0,0
2301,Peru,23,1,0,0
226,Peru,31,1,0,0
2255,Peru,38,1,0,0
2359,Peru,45,1,0,0
209,Peru,76,1,0,0
2362,Peru,79,1,0,0
2302,Peru,81,1,0,0
172,Peru,89,1,0,0
1500,Poland,3,1,0,0
196,Poland,12,1,0,0
2289,Poland,12,1,0,0
391,Poland,13,1,0,0
2534,Poland,15,1,0,0
2535,Poland,16,1,0,0
1598,Poland,18,1,0,0
2536,Poland,19,1,0,0
1269,Poland,21,1,0,0
1599,Poland,24,1,0,0
109,Poland,25,1,0,0
1501,Poland,28,1,0,0
1600,Poland,29,1,0,0
392,Poland,30,1,0,0
1197,Poland,31,1,0,0
393,Poland,32,1,0,0
210,Poland,34,1,0,0
1429,Poland,37,1,0,0
1273,Poland,39,1,0,0
282,Poland,43,1,0,0
124,Poland,44,1,0,0
1347,Poland,44,1,0,0
345,Poland,46,1,0,0
1348,Poland,46,1,0,0
2637,Poland,47,1,0,0
253,Poland,48,1,0,0
125,Poland,49,1,0,0
283,Poland,51,1,0,0
284,Poland,57,1,0,0
170,Poland,59,1,0,0
1604,Poland,60,1,0,0
2338,Poland,61,1,0,0
289,Poland,62,1,0,0
1349,Poland,63,1,0,0
275,Poland,65,1,0,0
138,Poland,71,1,0,0
290,Poland,71,1,0,0
167,Poland,75,1,0,0
171,Poland,75,1,0,0
1505,Poland,75,1,1,0
2494,Poland,76,1,0,0
2589,Poland,78,1,0,0
1199,Poland,79,1,0,0
111,Poland,84,1,0,0
1200,Poland,84,1,0,0
2339,Poland,85,1,0,0
1351,Poland,86,1,0,0
277,Poland,88,1,0,0
2638,Poland,88,1,0,0
346,Poland,89,1,0,0
1506,Poland,89,1,0,0
1606,Poland,90,1,0,0
2087,Portugal,11,1,0,0
1709,Portugal,20,1,0,0
1829,Portugal,21,1,0,0
1352,Portugal,22,1,0,0
1771,Portugal,24,1,0,0
1270,Portugal,25,1,0,0
1961,Portugal,25,1,0,0
1452,Portugal,26,1,0,0
1623,Portugal,26,1,0,0
1271,Portugal,27,1,0,0
1354,Portugal,27,0,0,1
2250,Portugal,28,1,0,0
1272,Portugal,31,1,0,0
1710,Portugal,31,1,0,0
1963,Portugal,31,1,0,0
1772,Portugal,33,1,0,0
2352,Portugal,33,1,0,0
1206,Portugal,34,1,0,0
2088,Portugal,37,0,0,1
1896,Portugal,38,1,0,0
2573,Portugal,38,1,0,0
1964,Portugal,40,1,0,0
1754,Portugal,44,1,0,0
1546,Portugal,45,1,0,0
1711,Portugal,45,1,1,0
1966,Portugal,45,1,0,0
1547,Portugal,48,1,0,0
1712,Portugal,50,1,0,0
1207,Portugal,52,1,0,0
1714,Portugal,60,1,0,0
1773,Portugal,60,1,0,0
1548,Portugal,61,1,0,0
375,Portugal,64,1,0,0
2355,Portugal,64,1,0,0
1356,Portugal,66,1,1,0
1627,Portugal,69,1,0,0
1898,Portugal,70,1,0,0
1716,Portugal,73,1,0,0
1719,Portugal,76,1,0,0
1720,Portugal,76,1,0,0
2575,Portugal,77,1,0,0
1721,Portugal,78,1,1,0
1456,Portugal,79,1,0,0
2003,Portugal,80,1,0,0
1358,Portugal,83,1,0,0
1768,Portugal,83,1,0,0
2356,Portugal,83,1,0,0
2669,Portugal,87,1,0,0
314,Portugal,88,1,0,0
1629,Portugal,88,1,0,0
2004,Portugal,89,0,0,1
2576,Portugal,89,1,0,0
1630,Portugal,90,1,0,0
2173,Portugal,90,1,0,0
2295,Portugal,90,1,0,0
2357,Portugal,90,1,0,0
2412,Portugal,90,1,0,0
2514,Portugal,90,1,0,0
2516,Portugal,90,1,0,0
1757,Portugal,111,1,0,0
2466,Qatar,15,1,0,0
2524,Qatar,20,1,0,0
2467,Qatar,22,1,0,0
2469,Qatar,36,1,0,0
2526,Qatar,45,1,0,0
2471,Qatar,78,1,0,0
2529,Qatar,90,1,0,0
748,Republic of Ireland,3,1,0,0
577,Republic of Ireland,17,1,0,0
692,Republic of Ireland,26,1,0,0
749,Republic of Ireland,29,1,0,0
641,Republic of Ireland,30,1,0,0
1147,Republic of Ireland,30,1,0,0
599,Republic of Ireland,43,1,0,0
642,Republic of Ireland,50,1,0,0
498,Republic of Ireland,51,1,0,0
1148,Republic of Ireland,51,1,0,0
695,Republic of Ireland,70,1,0,0
1306,Republic of Ireland,70,1,0,0
643,Republic of Ireland,80,1,0,0
1149,Republic of Ireland,82,1,0,0
752,Republic of Ireland,83,1,0,0
578,Republic of Ireland,108,1,0,0
506,Romania,4,1,0,0
994,Romania,4,1,0,0
507,Romania,8,1,0,0
849,Romania,21,1,0,0
508,Romania,32,1,0,0
675,Romania,32,1,0,0
850,Romania,34,1,0,0
645,Romania,39,1,0,0
676,Romania,40,1,0,0
1090,Romania,43,1,0,0
18,Romania,44,1,0,0
449,Romania,44,1,0,0
479,Romania,44,1,0,0
677,Romania,47,1,0,0
995,Romania,47,1,0,0
800,Romania,50,1,0,0
917,Romania,54,1,0,0
736,Romania,62,1,0,0
803,Romania,68,1,0,0
918,Romania,69,1,0,0
1091,Romania,70,1,0,0
678,Romania,73,0,0,1
737,Romania,73,1,0,0
19,Romania,78,1,0,0
919,Romania,78,1,0,0
996,Romania,78,1,0,0
1093,Romania,81,1,0,0
7,Romania,82,1,0,0
805,Romania,84,1,0,0
997,Romania,88,1,0,0
853,Romania,108,1,0,0
579,Romania,111,1,0,0
580,Romania,114,1,0,0
700,Russia,1,1,0,0
2342,Russia,9,1,0,0
1340,Russia,12,1,0,0
1255,Russia,13,1,0,0
1341,Russia,14,1,0,0
1202,Russia,27,1,0,0
2343,Russia,27,1,0,0
701,Russia,34,1,0,0
2344,Russia,36,1,1,0
1257,Russia,38,1,0,0
2131,Russia,38,1,0,0
703,Russia,49,1,1,0
2100,Russia,49,1,0,0
2414,Russia,54,1,0,0
755,Russia,57,1,0,0
2178,Russia,57,1,0,0
2179,Russia,59,1,0,0
1259,Russia,60,1,0,0
658,Russia,61,1,0,0
1343,Russia,64,1,0,0
659,Russia,65,1,0,0
2415,Russia,71,1,0,0
660,Russia,78,1,0,0
1344,Russia,84,1,0,0
2293,Russia,84,1,0,0
756,Russia,87,1,0,0
1205,Russia,88,1,0,0
2241,Russia,88,1,0,0
757,Russia,90,1,0,0
2450,Russia,109,1,0,0
760,Saudi Arabia,3,1,0,0
955,Saudi Arabia,7,1,0,0
885,Saudi Arabia,11,1,0,0
956,Saudi Arabia,19,0,0,1
2537,Saudi Arabia,20,1,0,0
1663,Saudi Arabia,27,1,0,0
661,Saudi Arabia,28,1,0,0
2591,Saudi Arabia,28,1,0,0
1019,Saudi Arabia,30,1,0,0
662,Saudi Arabia,31,1,0,0
2592,Saudi Arabia,34,1,0,0
1584,Saudi Arabia,41,1,0,0
2538,Saudi Arabia,45,1,0,0
713,Saudi Arabia,50,1,0,0
2593,Saudi Arabia,52,1,0,0
1585,Saudi Arabia,57,1,0,0
1217,Saudi Arabia,59,1,0,0
664,Saudi Arabia,61,1,0,0
1305,Saudi Arabia,61,1,0,0
2483,Saudi Arabia,67,1,0,0
797,Saudi Arabia,71,1,0,0
1586,Saudi Arabia,73,1,0,0
714,Saudi Arabia,75,1,0,0
2484,Saudi Arabia,75,1,0,0
762,Saudi Arabia,77,1,0,0
1667,Saudi Arabia,77,1,0,0
715,Saudi Arabia,78,1,0,0
2485,Saudi Arabia,79,1,0,0
2594,Saudi Arabia,81,1,0,0
960,Saudi Arabia,82,1,0,0
2486,Saudi Arabia,82,1,0,0
2487,Saudi Arabia,88,1,0,0
717,Saudi Arabia,90,1,0,0
1156,Saudi Arabia,90,1,0,0
2242,Saudi Arabia,90,1,0,0
2488,Saudi Arabia,90,1,0,0
2595,Saudi Arabia,90,1,0,0
2596,Saudi Arabia,90,1,0,0
229,Scotland,5,1,0,0
537,Scotland,5,1,0,0
538,Scotland,8,1,0,0
1012,Scotland,21,1,0,0
925,Scotland,24,1,0,0
869,Scotland,25,1,0,0
354,Scotland,30,1,0,0
166,Scotland,35,1,0,0
355,Scotland,44,1,0,0
62,Scotland,48,1,0,0
385,Scotland,48,1,0,0
1013,Scotland,53,0,0,1
927,Scotland,56,1,0,0
92,Scotland,60,1,0,0
386,Scotland,62,1,0,0
497,Scotland,65,1,0,0
93,Scotland,70,1,0,0
356,Scotland,74,1,0,0
1277,Senegal,2,1,0,0
1278,Senegal,4,1,0,0
1210,Senegal,10,1,0,0
1412,Senegal,12,1,0,0
2525,Senegal,30,1,0,0
1282,Senegal,39,1,0,0
2290,Senegal,49,1,0,0
1146,Senegal,51,1,0,0
2395,Senegal,51,1,0,0
2527,Senegal,52,1,0,0
2333,Senegal,59,1,0,0
1212,Senegal,62,1,0,0
1414,Senegal,63,1,0,0
2577,Senegal,66,1,0,0
1284,Senegal,69,1,0,0
2291,Senegal,72,1,0,0
1368,Senegal,73,1,0,0
2639,Senegal,76,1,0,0
1213,Senegal,80,0,0,1
1285,Senegal,82,1,0,0
1287,Senegal,87,1,0,0
1288,Senegal,87,1,0,0
2528,Senegal,87,1,0,0
2335,Senegal,90,1,0,0
2336,Senegal,90,1,0,0
2475,Senegal,90,1,0,0
2476,Senegal,90,1,0,0
1369,Senegal,94,1,0,0
2517,Serbia,7,1,0,0
1858,Serbia,18,1,0,0
1932,Serbia,18,1,0,0
1805,Serbia,19,1,0,0
1859,Serbia,19,1,0,0
2384,Serbia,33,1,0,0
2315,Serbia,34,1,0,0
2316,Serbia,39,1,0,0
2317,Serbia,45,1,0,0
2624,Serbia,47,1,0,0
2385,Serbia,48,1,0,0
2518,Serbia,49,1,0,0
1807,Serbia,54,1,0,0
2625,Serbia,56,1,0,0
1863,Serbia,57,1,0,0
1864,Serbia,59,1,0,0
1935,Serbia,59,1,0,0
2263,Serbia,59,1,0,0
2519,Serbia,64,1,0,0
2386,Serbia,70,1,0,0
1808,Serbia,74,1,1,0
2626,Serbia,81,1,0,0
2627,Serbia,82,1,0,0
1809,Serbia,83,1,0,0
2318,Serbia,87,1,0,0
2264,Serbia,90,1,0,0
2565,Serbia,90,1,0,0
2628,Serbia,90,1,0,0
2631,Serbia,90,1,0,0
1526,Serbia and Montenegro,7,1,0,0
1631,Serbia and Montenegro,17,1,0,0
1527,Serbia and Montenegro,27,1,0,0
1443,Serbia and Montenegro,34,1,0,0
1633,Serbia and Montenegro,35,1,0,0
1634,Serbia and Montenegro,37,1,0,0
1529,Serbia and Montenegro,42,1,0,0
1637,Serbia and Montenegro,45,1,1,0
1638,Serbia and Montenegro,57,1,0,0
1445,Serbia and Montenegro,64,1,0,0
1530,Serbia and Montenegro,65,0,0,1
1446,Serbia and Montenegro,81,1,0,0
1448,Serbia and Montenegro,90,1,0,0
1942,Slovakia,16,1,0,0
1944,Slovakia,40,1,0,0
1988,Slovakia,40,1,0,0
1883,Slovakia,42,1,0,0
1885,Slovakia,47,1,0,0
1945,Slovakia,50,1,0,0
1825,Slovakia,55,1,0,0
1989,Slovakia,72,1,0,0
1948,Slovakia,82,1,0,0
1886,Slovakia,84,1,0,0
1990,Slovakia,84,1,0,0
1313,Slovenia,15,1,0,0
1235,Slovenia,35,1,0,0
1800,Slovenia,35,1,0,0
1866,Slovenia,35,1,0,0
1922,Slovenia,40,1,0,0
1172,Slovenia,45,1,0,0
1236,Slovenia,52,1,0,0
1238,Slovenia,62,1,0,0
1173,Slovenia,65,1,0,0
1315,Slovenia,68,1,0,0
1316,Slovenia,69,1,0,0
1868,Slovenia,69,1,0,0
1869,Slovenia,72,1,0,0
1239,Slovenia,75,1,0,0
1870,Slovenia,75,1,0,0
1317,Slovenia,79,1,0,0
1924,Slovenia,79,1,0,0
1318,Slovenia,81,0,0,1
1925,Slovenia,81,1,0,0
1803,Slovenia,90,1,0,0
1160,South Africa,3,1,0,0
1838,South Africa,6,1,0,0
1161,South Africa,9,1,0,0
1234,South Africa,12,1,0,0
1319,South Africa,16,1,0,0
1781,South Africa,27,1,0,0
946,South Africa,28,1,0,0
1020,South Africa,38,1,0,0
1163,South Africa,38,1,0,0
890,South Africa,39,1,0,0
1839,South Africa,42,1,0,0
1164,South Africa,45,1,0,0
1237,South Africa,59,1,0,0
949,South Africa,63,1,0,0
950,South Africa,65,1,0,0
1021,South Africa,65,1,0,0
1320,South Africa,67,1,0,0
952,South Africa,68,0,0,1
1321,South Africa,69,1,0,0
1783,South Africa,70,1,0,0
953,South Africa,73,1,0,0
1840,South Africa,76,0,0,1
1322,South Africa,81,1,0,0
2375,South Korea,9,1,0,0
1841,South Korea,10,1,0,0
1575,South Korea,11,1,0,0
2098,South Korea,13,1,0,0
2273,South Korea,13,1,0,0
364,South Korea,17,1,0,0
1391,South Korea,17,1,0,0
897,South Korea,20,1,0,0
543,South Korea,22,1,0,0
1422,South Korea,23,1,0,0
1676,South Korea,23,1,0,0
2376,South Korea,23,1,0,0
1353,South Korea,24,1,0,0
981,South Korea,26,1,0,0
2567,South Korea,27,1,0,0
503,South Korea,29,1,0,0
1576,South Korea,29,1,0,0
900,South Korea,30,0,0,1
2099,South Korea,30,1,0,0
327,South Korea,31,1,0,0
1842,South Korea,34,1,0,0
366,South Korea,35,1,0,0
2181,South Korea,35,1,0,0
2613,South Korea,36,1,0,0
635,South Korea,37,1,0,0
1677,South Korea,37,1,0,0
688,South Korea,38,1,0,0
1976,South Korea,38,1,0,0
465,South Korea,39,1,0,0
1477,South Korea,41,1,0,0
302,South Korea,44,1,0,0
2642,South Korea,44,1,0,0
1028,South Korea,48,1,0,0
2377,South Korea,48,1,0,0
546,South Korea,49,1,0,0
303,South Korea,50,1,0,0
1478,South Korea,51,1,0,0
504,South Korea,52,1,0,0
1409,South Korea,52,1,0,0
2134,South Korea,54,1,0,0
2274,South Korea,55,1,0,0
1355,South Korea,57,1,0,0
2321,South Korea,58,1,0,0
329,South Korea,60,1,0,0
636,South Korea,61,1,0,0
547,South Korea,62,1,0,0
689,South Korea,62,1,0,0
2322,South Korea,63,1,0,0
2378,South Korea,65,1,0,0
1030,South Korea,67,1,0,0
1921,South Korea,68,1,0,0
505,South Korea,69,1,0,0
1977,South Korea,69,1,0,0
2136,South Korea,69,1,0,0
548,South Korea,70,1,1,0
1198,South Korea,70,1,0,0
369,South Korea,71,1,0,0
2323,South Korea,72,1,0,0
1357,South Korea,74,1,0,0
2569,South Korea,77,1,0,0
1681,South Korea,78,1,0,0
1682,South Korea,78,1,0,0
1263,South Korea,80,1,0,0
1395,South Korea,80,1,0,0
1683,South Korea,80,1,0,0
2324,South Korea,80,1,0,0
1031,South Korea,83,1,0,0
1032,South Korea,83,1,0,0
1978,South Korea,83,1,0,0
2510,South Korea,88,1,0,0
691,South Korea,89,1,0,0
743,South Korea,89,1,0,0
982,South Korea,90,1,0,0
1201,South Korea,90,1,0,0
1359,South Korea,90,1,0,0
1418,South Korea,90,1,0,0
2101,South Korea,90,1,0,0
2614,South Korea,90,1,0,0
1396,South Korea,99,1,0,0
1398,South Korea,115,1,0,0
448,Soviet Union,11,1,0,0
0,Soviet Union,30,1,0,0
323,Soviet Union,30,1,0,0
1,Soviet Union,31,1,0,0
32,Soviet Union,32,1,0,0
324,Soviet Union,33,1,0,0
2,Soviet Union,34,1,0,0
274,Soviet Union,38,1,0,0
472,Soviet Union,48,0,0,1
473,Soviet Union,51,1,0,0
4,Soviet Union,72,1,0,0
513,Soviet Union,75,1,0,0
34,Soviet Union,76,1,0,0
262,Soviet Union,77,1,0,0
276,Soviet Union,87,1,0,0
17,Soviet Union,90,1,0,0
278,Soviet Union,90,1,0,0
35,Soviet Union,118,1,0,0
835,Spain,3,1,0,0
300,Spain,4,1,0,0
967,Spain,8,1,0,0
267,Spain,9,1,0,0
1227,Spain,9,1,0,0
669,Spain,15,1,0,0
1024,Spain,16,1,0,0
2037,Spain,16,1,0,0
2249,Spain,17,1,0,0
787,Spain,18,1,0,0
788,Spain,19,1,0,0
836,Spain,19,1,0,0
248,Spain,20,1,0,0
789,Spain,22,1,0,0
469,Spain,23,1,0,0
2039,Spain,23,1,0,0
633,Spain,24,1,0,0
634,Spain,25,0,0,1
412,Spain,27,1,0,0
1589,Spain,30,1,0,0
1664,Spain,30,1,0,0
413,Spain,32,1,0,0
1665,Spain,35,1,0,0
1171,Spain,36,1,0,0
670,Spain,38,1,0,0
428,Spain,39,1,0,0
2413,Spain,40,1,0,0
2105,Spain,41,1,0,0
429,Spain,44,1,0,0
2560,Spain,44,1,0,0
738,Spain,46,1,0,0
343,Spain,50,1,0,0
671,Spain,53,1,0,0
1410,Spain,53,1,0,0
893,Spain,56,1,0,0
2021,Spain,57,1,0,0
894,Spain,59,1,0,0
160,Spain,60,1,0,0
414,Spain,60,1,0,0
1370,Spain,62,1,0,0
2138,Spain,62,1,0,0
2024,Spain,63,1,0,0
2058,Spain,65,1,0,0
2043,Spain,67,1,0,0
470,Spain,70,1,0,0
1026,Spain,73,1,0,0
2002,Spain,74,1,0,0
896,Spain,75,1,0,0
1666,Spain,75,1,0,0
2643,Spain,77,1,0,0
220,Spain,80,1,0,0
1740,Spain,82,1,0,0
269,Spain,83,1,0,0
637,Spain,83,1,0,0
271,Spain,84,1,0,0
221,Spain,87,1,0,0
794,Spain,87,1,0,0
970,Spain,87,1,0,0
1371,Spain,87,1,0,0
377,Spain,89,1,0,0
1372,Spain,89,1,0,0
1595,Spain,89,1,0,0
739,Spain,90,1,0,0
588,Spain,92,1,0,0
590,Spain,110,1,0,0
1411,Spain,111,1,0,0
2048,Spain,118,1,0,0
2049,Spain,120,1,0,0
848,Sweden,7,1,0,0
1519,Sweden,14,1,0,0
795,Sweden,16,1,0,0
539,Sweden,20,1,0,0
2380,Sweden,26,1,0,0
1691,Sweden,28,1,0,0
860,Sweden,29,1,0,0
1224,Sweden,31,1,0,0
2424,Sweden,31,1,0,0
1692,Sweden,35,1,1,0
80,Sweden,36,1,0,0
165,Sweden,39,1,0,0
702,Sweden,42,1,0,0
851,Sweden,43,1,0,0
127,Sweden,45,1,0,0
1169,Sweden,45,1,0,0
1520,Sweden,48,1,0,0
1693,Sweden,48,1,0,0
704,Sweden,52,1,0,0
2325,Sweden,52,1,0,0
5,Sweden,56,1,0,0
705,Sweden,58,1,0,0
496,Sweden,59,1,0,0
1523,Sweden,60,1,0,0
2275,Sweden,61,1,0,0
861,Sweden,63,0,0,1
1309,Sweden,65,1,0,0
796,Sweden,67,1,0,0
81,Sweden,68,1,0,0
1225,Sweden,69,1,0,0
14,Sweden,72,1,0,0
657,Sweden,72,1,0,0
1170,Sweden,73,1,0,0
83,Sweden,74,1,0,0
152,Sweden,74,1,0,0
542,Sweden,74,1,0,0
798,Sweden,74,1,0,0
1311,Sweden,78,1,0,0
1694,Sweden,78,1,0,0
864,Sweden,82,1,0,0
461,Sweden,83,1,0,0
759,Sweden,83,1,0,0
1614,Sweden,83,1,0,0
84,Sweden,86,1,0,0
862,Sweden,86,1,0,0
1615,Sweden,87,1,0,0
2444,Sweden,87,1,0,0
2383,Sweden,88,1,0,0
1437,Sweden,90,1,0,0
2328,Sweden,90,1,0,0
2446,Sweden,90,1,0,0
852,Sweden,101,1,1,0
2622,Switzerland,15,1,0,0
1900,Switzerland,18,1,0,0
790,Switzerland,23,1,0,0
638,Switzerland,26,1,0,0
1834,Switzerland,30,1,0,0
1903,Switzerland,31,0,0,1
2269,Switzerland,31,1,0,0
1972,Switzerland,34,1,0,0
2623,Switzerland,34,1,0,0
2206,Switzerland,36,1,0,0
2389,Switzerland,37,1,0,0
729,Switzerland,39,1,0,0
1481,Switzerland,42,1,0,0
1678,Switzerland,43,1,0,0
2645,Switzerland,43,1,0,0
1482,Switzerland,45,1,0,0
1904,Switzerland,48,1,0,0
2570,Switzerland,50,1,0,0
1679,Switzerland,55,1,0,0
1483,Switzerland,56,1,0,0
1730,Switzerland,59,1,0,0
2646,Switzerland,59,1,0,0
1906,Switzerland,60,1,0,0
2425,Switzerland,61,1,0,0
2507,Switzerland,64,1,0,0
2271,Switzerland,65,1,0,0
2272,Switzerland,68,1,0,0
2426,Switzerland,68,1,0,0
791,Switzerland,69,1,0,0
1680,Switzerland,69,1,0,0
1486,Switzerland,72,1,0,0
1835,Switzerland,73,1,0,0
2207,Switzerland,73,1,0,0
2390,Switzerland,75,1,0,0
792,Switzerland,77,1,0,0
639,Switzerland,82,1,0,0
1684,Switzerland,82,1,0,0
2391,Switzerland,83,1,0,0
2508,Switzerland,83,1,0,0
2077,Switzerland,84,1,0,0
733,Switzerland,85,1,0,0
793,Switzerland,85,1,0,0
1488,Switzerland,90,1,0,0
1582,Switzerland,90,1,0,0
1685,Switzerland,90,1,0,0
1836,Switzerland,90,1,0,0
1837,Switzerland,90,1,0,0
2319,Switzerland,90,1,0,0
2427,Switzerland,90,0,0,1
2629,Switzerland,90,1,0,0
2630,Switzerland,90,1,0,0
1475,Togo,23,1,0,0
1476,Togo,24,1,0,0
1687,Togo,38,1,0,0
1688,Togo,44,1,0,0
1579,Togo,45,1,0,0
1580,Togo,47,1,0,0
1479,Togo,53,1,1,0
1581,Togo,53,1,0,0
1689,Togo,88,1,0,0
1480,Togo,90,1,0,0
1434,Trinidad and Tobago,15,1,0,0
1512,Trinidad and Tobago,18,1,0,0
1513,Trinidad and Tobago,19,1,0,0
1514,Trinidad and Tobago,45,1,0,0
1610,Trinidad and Tobago,45,1,0,0
1435,Trinidad and Tobago,46,1,1,0
1515,Trinidad and Tobago,47,1,0,0
1611,Trinidad and Tobago,48,1,0,0
1516,Trinidad and Tobago,55,1,0,0
1436,Trinidad and Tobago,74,1,0,0
1668,Tunisia,9,1,0,0
2320,Tunisia,14,1,0,0
991,Tunisia,16,1,0,0
1345,Tunisia,21,1,0,0
1264,Tunisia,22,1,0,0
2531,Tunisia,26,1,0,0
1061,Tunisia,28,1,0,0
2587,Tunisia,28,1,0,0
1590,Tunisia,32,1,0,0
1496,Tunisia,35,1,0,0
1497,Tunisia,36,1,0,0
1591,Tunisia,40,1,0,0
1266,Tunisia,43,1,0,0
1670,Tunisia,43,1,0,0
2398,Tunisia,44,1,0,0
1671,Tunisia,45,1,1,0
912,Tunisia,48,1,0,0
1203,Tunisia,50,1,0,0
1062,Tunisia,57,1,0,0
2532,Tunisia,64,1,0,0
1498,Tunisia,65,1,0,0
162,Tunisia,68,1,0,0
1267,Tunisia,68,1,0,0
1268,Tunisia,69,1,0,0
913,Tunisia,70,1,0,0
1592,Tunisia,70,1,0,0
2399,Tunisia,71,1,0,0
1204,Tunisia,75,1,0,0
1499,Tunisia,79,1,0,0
1346,Tunisia,81,1,0,0
1593,Tunisia,81,1,0,0
993,Tunisia,83,1,0,0
1594,Tunisia,85,1,0,0
2491,Tunisia,86,1,0,0
914,Tunisia,87,1,0,0
1596,Tunisia,90,1,0,0
1675,Tunisia,90,1,0,0
2402,Tunisia,90,1,0,0
2533,Tunisia,90,1,0,0
1324,Turkey,19,1,0,0
1250,Turkey,20,1,0,0
1175,Turkey,21,1,0,0
1386,Turkey,21,1,0,0
1413,Turkey,22,1,0,0
1176,Turkey,24,1,0,0
1325,Turkey,30,1,0,0
1177,Turkey,44,1,0,0
1387,Turkey,44,1,0,0
1253,Turkey,45,1,0,0
1423,Turkey,50,1,0,0
1420,Turkey,59,1,0,0
1329,Turkey,81,1,0,0
1424,Turkey,83,1,0,0
1179,Turkey,86,0,0,1
1415,Turkey,87,1,0,0
1254,Turkey,89,1,0,0
1180,Turkey,90,1,1,0
1389,Turkey,90,1,0,0
1421,Turkey,90,1,0,0
1750,Ukraine,16,1,0,0
1493,Ukraine,17,1,0,0
1669,Ukraine,18,1,0,0
1751,Ukraine,21,1,0,0
1583,Ukraine,22,1,0,0
1494,Ukraine,47,0,0,1
1672,Ukraine,47,1,0,0
1495,Ukraine,52,1,0,0
1673,Ukraine,61,1,0,0
1674,Ukraine,65,1,0,0
1752,Ukraine,67,1,0,0
1587,Ukraine,77,1,0,0
1588,Ukraine,89,1,0,0
450,United Arab Emirates,5,1,0,0
489,United Arab Emirates,26,1,0,0
490,United Arab Emirates,30,1,0,0
519,United Arab Emirates,36,1,0,0
451,United Arab Emirates,55,1,0,0
452,United Arab Emirates,70,1,0,0
522,United Arab Emirates,76,1,1,0
1464,United States,5,1,0,0
1649,United States,7,1,0,0
1979,United States,7,1,0,0
2477,United States,11,1,0,0
1043,United States,13,1,0,0
2478,United States,13,1,0,0
989,United States,18,1,0,0
1980,United States,18,1,0,0
2211,United States,18,1,0,0
1560,United States,21,1,0,0
524,United States,26,1,0,0
1373,United States,26,1,0,0
525,United States,28,1,0,0
1261,United States,30,1,0,0
2175,United States,37,1,0,0
455,United States,39,1,0,0
1262,United States,39,1,0,0
1795,United States,39,1,0,0
1402,United States,40,1,0,0
1867,United States,40,1,0,0
734,United States,41,1,0,0
1403,United States,41,1,0,0
528,United States,42,1,0,0
456,United States,43,1,0,0
810,United States,43,1,0,0
2579,United States,43,1,0,0
1562,United States,45,0,0,1
1375,United States,47,1,0,0
1563,United States,47,1,1,0
1796,United States,47,1,0,0
680,United States,48,1,0,0
735,United States,48,1,0,0
811,United States,49,1,0,0
921,United States,50,1,0,0
1376,United States,50,1,0,0
2481,United States,51,1,0,0
457,United States,52,0,0,1
1377,United States,53,1,0,0
530,United States,58,1,0,0
1467,United States,60,1,0,0
482,United States,62,1,0,0
1927,United States,62,1,0,0
2176,United States,62,1,0,0
812,United States,64,1,0,0
1406,United States,68,1,0,0
1982,United States,68,1,0,0
1407,United States,69,1,0,0
1408,United States,70,1,0,0
1350,United States,72,1,0,0
1799,United States,74,1,0,0
2137,United States,75,1,0,0
813,United States,80,1,0,0
1381,United States,83,1,0,0
814,United States,85,1,1,0
924,United States,85,1,0,0
640,United States,89,1,0,0
1208,United States,90,1,0,0
1930,United States,90,1,0,0
2482,United States,90,1,0,0
383,Uruguay,1,0,0,1
38,Uruguay,5,1,0,0
2572,Uruguay,6,1,0,0
1279,Uruguay,8,1,0,0
30,Uruguay,9,1,0,0
2111,Uruguay,9,1,0,0
468,Uruguay,10,1,0,0
1218,Uruguay,11,1,0,0
358,Uruguay,13,1,0,0
581,Uruguay,14,1,0,0
31,Uruguay,17,1,0,0
39,Uruguay,18,1,0,0
359,Uruguay,19,1,1,0
1280,Uruguay,19,1,0,0
2011,Uruguay,20,1,0,0
2606,Uruguay,20,1,0,0
105,Uruguay,21,1,0,0
2027,Uruguay,21,1,0,0
544,Uruguay,23,1,0,0
63,Uruguay,25,1,0,0
1151,Uruguay,25,1,0,0
582,Uruguay,26,1,0,0
317,Uruguay,28,1,0,0
2028,Uruguay,29,1,0,0
384,Uruguay,32,1,0,0
360,Uruguay,35,1,0,0
397,Uruguay,35,1,0,0
583,Uruguay,35,1,0,0
1281,Uruguay,35,1,0,0
40,Uruguay,37,1,0,0
2437,Uruguay,38,1,0,0
501,Uruguay,40,1,0,0
1283,Uruguay,40,1,0,0
79,Uruguay,44,1,0,0
545,Uruguay,44,1,0,0
2574,Uruguay,44,1,0,0
1221,Uruguay,45,1,0,0
1222,Uruguay,45,1,0,0
2154,Uruguay,46,1,0,0
1223,Uruguay,47,1,0,0
2012,Uruguay,48,1,0,0
64,Uruguay,50,1,0,0
2067,Uruguay,50,1,0,0
2191,Uruguay,55,1,0,0
2068,Uruguay,56,1,0,0
2509,Uruguay,57,1,0,0
399,Uruguay,58,1,0,0
33,Uruguay,59,1,0,0
1786,Uruguay,59,1,0,0
2014,Uruguay,59,1,0,0
2345,Uruguay,59,1,0,0
2607,Uruguay,60,1,0,0
2034,Uruguay,61,1,0,0
318,Uruguay,62,1,0,0
65,Uruguay,65,1,0,0
585,Uruguay,65,1,0,0
1787,Uruguay,65,1,0,0
400,Uruguay,68,1,0,0
1913,Uruguay,68,1,0,0
66,Uruguay,69,0,0,1
2438,Uruguay,69,1,0,0
387,Uruguay,72,1,0,0
471,Uruguay,80,1,0,0
1789,Uruguay,81,1,1,0
2069,Uruguay,81,1,0,0
1286,Uruguay,82,1,0,0
402,Uruguay,85,1,0,0
388,Uruguay,87,1,0,0
2609,Uruguay,87,1,0,0
49,Uruguay,89,1,0,0
1790,Uruguay,90,1,0,0
2070,Uruguay,90,0,0,1
2157,Uruguay,90,1,0,0
2611,Uruguay,90,1,0,0
2612,Uruguay,90,1,0,0
2017,Uruguay,120,0,0,1
2582,Wales,29,1,0,0
2479,Wales,40,1,0,0
2480,Wales,45,1,0,0
2520,Wales,45,1,0,0
2583,Wales,61,1,0,0
2521,Wales,86,0,0,1
140,West Germany,4,1,0,0
463,West Germany,5,1,0,0
268,West Germany,10,1,0,0
112,West Germany,16,1,0,0
37,West Germany,18,1,0,0
437,West Germany,21,1,0,0
570,West Germany,21,1,0,0
572,West Germany,22,0,0,1
416,West Germany,27,1,0,0
602,West Germany,28,1,0,0
491,West Germany,31,1,0,0
113,West Germany,35,1,0,0
157,West Germany,43,1,0,0
288,West Germany,46,1,0,0
380,West Germany,48,1,0,0
381,West Germany,51,1,0,0
621,West Germany,52,1,0,0
43,West Germany,53,1,0,0
418,West Germany,56,1,0,0
201,West Germany,57,1,0,0
431,West Germany,59,1,0,0
293,West Germany,61,1,0,0
438,West Germany,62,1,0,0
517,West Germany,63,1,0,0
48,West Germany,64,1,0,0
419,West Germany,65,0,0,1
44,West Germany,66,1,0,0
260,West Germany,68,1,0,0
178,West Germany,69,1,0,0
295,West Germany,73,1,0,0
576,West Germany,77,1,0,0
174,West Germany,84,1,0,0
270,West Germany,84,1,0,0
422,West Germany,86,1,0,0
163,West Germany,87,1,0,0
296,West Germany,88,1,0,0
619,West Germany,109,1,0,0
586,Yugoslavia,7,1,0,0
52,Yugoslavia,17,1,0,0
518,Yugoslavia,20,1,0,0
90,Yugoslavia,21,1,0,0
593,Yugoslavia,24,1,0,0
136,Yugoslavia,26,1,0,0
594,Yugoslavia,31,1,1,0
218,Yugoslavia,35,1,0,0
114,Yugoslavia,36,1,0,0
1086,Yugoslavia,38,1,0,0
1044,Yugoslavia,41,1,0,0
907,Yugoslavia,42,1,0,0
53,Yugoslavia,49,1,0,0
1087,Yugoslavia,52,1,0,0
77,Yugoslavia,54,1,0,0
91,Yugoslavia,55,1,0,0
587,Yugoslavia,60,1,0,0
908,Yugoslavia,60,1,0,0
115,Yugoslavia,61,1,0,0
1045,Yugoslavia,61,1,0,0
94,Yugoslavia,70,1,0,0
520,Yugoslavia,71,1,0,0
1088,Yugoslavia,73,1,0,0
521,Yugoslavia,76,1,0,0
219,Yugoslavia,78,1,0,0
241,Yugoslavia,81,1,0,0
137,Yugoslavia,86,1,0,0
481,Yugoslavia,86,1,0,0
589,Yugoslavia,97,1,0,0
76,Zaire,22,0,0,1
61,Zaire,40,1,0,0
96,Zaire,78,1,0,0